name,type,category,data_name,collections,parent,parent_type,hide_viewport,hide_render,visible_get,location,rotation_euler,scale,modifier_count,constraint_count,vertex_group_count,material_slots,action,driver_count,nla_track_count
177d920ddde57c74f8e1ef18863ab511,MESH,OTHER,177d920ddde57c74f8e1ef18863ab511,PROPS,Plane.023,OBJECT,False,False,True,"[0.0, -0.0305807963013649, 1.8784412145614624]","[1.5591026544570923, -2.596503399191703e-18, 1.5180381443069084e-20]","[1.0, 1.0, 1.0]",2,0,0,no parking_board | no parking_Rusty painted metal,177d920ddde57c74f8e1ef18863ab511Action,0,0
177d920ddde57c74f8e1ef18863ab511.001,MESH,OTHER,177d920ddde57c74f8e1ef18863ab511.001,PROPS,177d920ddde57c74f8e1ef18863ab511,OBJECT,False,False,True,"[0.0, -0.03186700493097305, 1.8677538633346558]","[1.5707964897155762, -0.0, 0.0]","[1.0, 1.0, 1.0]",3,0,0,no parking_Procedural Metal 01,177d920ddde57c74f8e1ef18863ab511.001Action,0,0
Asphalt ground,MESH,ENVIRONMENT_EFFECT,remeshed_object,ENVIRONMENT_AND_PARKING,,OBJECT,False,False,True,"[0.0, 4.780939102172852, -0.8760008811950684]","[-0.009998553432524204, 0.03147376701235771, 0.7261602282524109]","[4.915334224700928, 4.915334224700928, 4.915334224700928]",0,0,0,main.001,Asphalt groundAction,0,0
Audi e-tron GT quattro Black,EMPTY,ENVIRONMENT_EFFECT,,IMPORTED_CAR_OR_GENERIC_ASSET_PARTS,,OBJECT,False,False,True,"[-1.5113588571548462, 5.169170379638672, 0.0]","[0.0, -0.0, 3.6207094192504883]","[1.604430913925171, 1.604430913925171, 1.604430913925171]",0,0,0,,Audi e-tron GT quattro BlackAction,0,0
Axle.001,MESH,OTHER,Mesh.010,PROPS,Large Trash Can,OBJECT,False,False,True,"[0.0, 0.0, 0.0]","[0.0, 0.0, 0.0]","[1.0, 1.0, 1.0]",0,0,0,Can.001,Axle.001Action,0,0
Bolt,MESH,ENVIRONMENT_EFFECT,Bolt,SAME_NAME_Bolt,Plane.023,OBJECT,False,False,True,"[0.0, 0.0, 0.0]","[0.0, -0.0, 0.0]","[1.0, 1.0, 1.0]",4,0,0,no parking_Procedural Metal 01,BoltAction,0,0
Bolt.001,MESH,ENVIRONMENT_EFFECT,Bolt.001,SAME_NAME_Bolt,Plane.023,OBJECT,False,False,True,"[0.0, 0.0, 0.0]","[0.0, -0.0, 0.0]","[1.0, 1.0, 1.0]",3,0,0,no parking_Procedural Metal 01,Bolt.001Action,0,0
Bolt.002,MESH,ENVIRONMENT_EFFECT,Bolt.002,SAME_NAME_Bolt,Audi e-tron GT quattro Black,OBJECT,False,False,True,"[0.0, 0.0, 0.0]","[0.0, 0.0, 0.0]","[1.0, 1.0, 1.0]",0,0,0,Bolts,Bolt.002Action,0,0
CAM_ANIM_Close,CAMERA,OTHER,CAM_ANIM_Close_Data,CAMERAS,,OBJECT,True,True,False,"[-0.6176102757453918, -3.9237451553344727, 3.903456449508667]","[1.328497290611267, 2.757062134151056e-08, 0.49248573184013367]","[1.0, 1.0, 1.0]",0,0,0,,,0,0
CAM_ANIM_Medium,CAMERA,OTHER,CAM_ANIM_Medium_Data,CAMERAS,,OBJECT,True,True,False,"[2.182389736175537, -6.923745155334473, 4.703456401824951]","[1.3504880666732788, 6.855184153664595e-08, 0.5942136645317078]","[1.0, 1.0, 1.0]",0,0,0,,,0,0
CAM_ANIM_Wide,CAMERA,OTHER,CAM_ANIM_Wide_Data,CAMERAS,,OBJECT,True,True,False,"[6.182389736175537, -11.423745155334473, 6.403456211090088]","[1.3326385021209717, 5.332593033813282e-08, 0.6316906213760376]","[1.0, 1.0, 1.0]",0,0,0,,,0,0
CAM_F2_Front,CAMERA,CHARACTER,CAM_F2_Front_Data,CAMERAS,,OBJECT,False,False,True,"[-0.21555107831954956, -5.985822677612305, 2.080284595489502]","[1.479385256767273, -0.0, 0.0]","[1.0, 1.0, 1.0]",0,0,0,,CAM_F2_FrontAction,0,0
CAM_F2_Profile,CAMERA,CHARACTER,CAM_F2_Profile_Data,CAMERAS,,OBJECT,False,False,True,"[5.284449100494385, -0.5858227014541626, 2.080284595489502]","[1.4717116355895996, 1.1992301551799756e-07, 1.4621351957321167]","[1.0, 1.0, 1.0]",0,0,0,,CAM_F2_ProfileAction,0,0
CAM_F2_ThreeQuarter,CAMERA,CHARACTER,CAM_F2_ThreeQuarter_Data,CAMERAS,,OBJECT,False,False,True,"[3.58444881439209, -5.785822868347168, 2.2802844047546387]","[1.4630521535873413, 8.603631584946925e-09, 0.5800027251243591]","[1.0, 1.0, 1.0]",0,0,0,,CAM_F2_ThreeQuarterAction,0,0
CAM_Hood_Front,CAMERA,CLOTHING,CAM_Hood_Front_Data,CAMERAS,,OBJECT,False,False,True,"[-2.6376101970672607, -3.9237451553344727, 3.0894391536712646]","[1.5208884477615356, -3.705778350848732e-09, 0.04496968537569046]","[1.0, 1.0, 1.0]",0,0,0,,CAM_Hood_FrontAction,0,0
CAM_Hood_LeftSide,CAMERA,CLOTHING,CAM_Hood_LeftSide_Data,CAMERAS,,OBJECT,False,False,True,"[-6.417610168457031, 0.07625488936901093, 3.5394392013549805]","[1.4056477546691895, -0.0, -1.5707964897155762]","[1.0, 1.0, 1.0]",0,0,0,,CAM_Hood_LeftSideAction,0,0
CAM_Hood_RightSide,CAMERA,CLOTHING,CAM_Hood_RightSide_Data,CAMERAS,,OBJECT,False,False,True,"[0.782389760017395, 0.07625488936901093, 3.5394392013549805]","[1.4056477546691895, -0.0, 1.5707964897155762]","[1.0, 1.0, 1.0]",0,0,0,,CAM_Hood_RightSideAction,0,0
CAM_Hood_Top,CAMERA,CLOTHING,CAM_Hood_Top_Data,CAMERAS,,OBJECT,False,False,True,"[-2.7676103115081787, -0.14374510943889618, 6.139439105987549]","[0.07506294548511505, 1.8727165240761678e-07, 0.22347640991210938]","[1.0, 1.0, 1.0]",0,0,0,,CAM_Hood_TopAction,0,0
CAM_SceneWide,CAMERA,OTHER,CAM_SceneWide_Data,CAMERAS,,OBJECT,False,False,True,"[5.682389736175537, -10.423745155334473, 6.8034563064575195]","[1.2948137521743774, -4.914242879294761e-08, 0.6365084052085876]","[1.0, 1.0, 1.0]",0,0,0,,CAM_SceneWideAction,0,0
CAM_StorefrontReflection_R,CAMERA,ENVIRONMENT_EFFECT,CAM_StorefrontReflection_Data,CAMERAS,,OBJECT,False,False,True,"[4.9823899269104, -9.923745155334473, 3.853456497192383]","[1.5214577913284302, 1.7176526867501707e-08, 0.5023025274276733]","[1.0, 1.0, 1.0]",0,0,0,,CAM_StorefrontReflection_RAction,0,0
CAM_Target,EMPTY,OTHER,,CAMERAS,,OBJECT,False,False,True,"[0.0, 0.0, 1.4500000476837158]","[0.0, 0.0, 0.0]","[1.0, 1.0, 1.0]",0,0,0,,CAM_TargetAction,0,0
CAM_wholescene,CAMERA,OTHER,CAM_WholeScene_Data,CAMERAS,,OBJECT,False,False,True,"[-1.6582167148590088, -30.475170135498047, 0.408840537071228]","[1.6894863843917847, -4.516235549090197e-06, 0.013961643911898136]","[1.0, 1.0, 1.0]",0,0,0,,CAM_wholesceneAction,0,0
Can.001,MESH,OTHER,Mesh.014,PROPS,Large Trash Can,OBJECT,False,False,True,"[0.0, 0.0, 0.0]","[0.0, 0.0, 0.0]","[1.0, 1.0, 1.0]",0,0,0,Can.002,Can.001Action,0,0
Cargo pants,MESH,CLOTHING,Cargo pants,PANTS,,OBJECT,False,False,True,"[-0.0027921944856643677, 0.03338572382926941, 0.5093981027603149]","[0.0, 0.0, 0.0]","[2.864536762237549, 3.3314666748046875, 0.8818214535713196]",1,0,0,Black Denim Jeans Fabric,Cargo pantsAction,0,0
Cast iron sewer hatch,EMPTY,OTHER,,PROPS,,OBJECT,False,False,True,"[2.427868127822876, -1.9205427169799805, 0.0]","[0.0, 0.0, 0.0]","[1.934547781944275, 1.934547781944275, 1.0]",0,0,0,,Cast iron sewer hatchAction,0,0
Circle,MESH,OTHER,Circle.001,SAME_NAME_Circle,Audi e-tron GT quattro Black,OBJECT,False,False,True,"[0.0, 0.0, 0.0]","[0.0, 0.0, 0.0]","[1.0, 1.0, 1.0]",1,0,0,Plastic.001 | Material.005,CircleAction,0,0
Circle.001,MESH,OTHER,Circle.002,SAME_NAME_Circle,Audi e-tron GT quattro Black,OBJECT,False,False,True,"[0.0, 0.0, 0.0]","[0.0, 0.0, 0.0]","[1.0, 1.0, 1.0]",2,0,0,Car paint | Material | Plastic,Circle.001Action,0,0
Circle.002,MESH,OTHER,Circle.006,SAME_NAME_Circle,Audi e-tron GT quattro Black,OBJECT,False,False,True,"[0.0, 0.0, 0.0]","[0.0, 0.0, 0.0]","[1.0, 1.0, 1.0]",1,0,0,Material.003,Circle.002Action,0,0
Circle.003,MESH,OTHER,Circle.007,SAME_NAME_Circle,Audi e-tron GT quattro Black,OBJECT,False,False,True,"[0.0, 0.0, 0.0]","[0.0, 0.0, 0.0]","[1.0, 1.0, 1.0]",1,0,0,Metal,Circle.003Action,0,0
Circle.006,MESH,OTHER,Circle.014,SAME_NAME_Circle,Audi e-tron GT quattro Black,OBJECT,False,False,True,"[0.0, 0.0, 0.0]","[0.0, 0.0, 0.0]","[1.0, 1.0, 1.0]",2,0,0,Material,Circle.006Action,0,0
Circle.007,MESH,OTHER,Circle.013,SAME_NAME_Circle,Audi e-tron GT quattro Black,OBJECT,False,False,True,"[0.0, 0.0, 0.0]","[0.0, 0.0, 0.0]","[1.0, 1.0, 1.0]",1,0,0,Car paint | Material | Plastic,Circle.007Action,0,0
Circle.009,MESH,OTHER,Circle.016,SAME_NAME_Circle,Audi e-tron GT quattro Black,OBJECT,False,False,True,"[0.0, 0.0, 0.0]","[0.0, 0.0, 0.0]","[1.0, 1.0, 1.0]",1,0,0,Rims,Circle.009Action,0,0
Circle.011,MESH,OTHER,Circle.018,SAME_NAME_Circle,Audi e-tron GT quattro Black,OBJECT,False,False,True,"[0.0, 0.0, 0.0]","[0.0, 0.0, 0.0]","[1.0, 1.0, 1.0]",1,0,0,Material,Circle.011Action,0,0
Cube,MESH,ENVIRONMENT_EFFECT,Cube,04_ENVIRONMENT_STOREFRONTS_PARKING,,OBJECT,False,True,True,"[-59.633445739746094, 63.60997772216797, 50.14567565917969]","[0.0, 0.0, 0.0]","[153.66673278808594, 94.41097259521484, 7.21381950378418]",0,0,0,,,0,0
Cylinder.001,MESH,OTHER,Cylinder.002,PROPS,Plane.023,OBJECT,False,False,True,"[0.0, 0.0, 1.0054059028625488]","[0.0, -0.0, 0.0]","[1.0, 1.0, 1.0]",3,0,0,no parking_Procedural Metal 01,Cylinder.001Action,0,0
Empty,EMPTY,ENVIRONMENT_EFFECT,,06_LIGHTING_REFLECTIONS,,OBJECT,False,False,True,"[-117.52604675292969, 250.6327362060547, 4.245935440063477]","[0.0, 0.0, -0.11537054181098938]","[1.0, 1.0, 1.0]",0,0,0,,EmptyAction,0,0
F2,MESH,CHARACTER,Meshy_Left_Standing_Candidate.006,Main Model,,OBJECT,False,False,True,"[2.3136987686157227, -0.2618328332901001, 0.48427021503448486]","[1.570796251296997, -0.0, 0.0]","[3.634430170059204, 3.634430170059204, 3.634430170059204]",0,0,0,Cloth Brown | Material.020,F2Action,0,0
FINAL_ORBIT_RIG,EMPTY,OTHER,,07_CAMERAS,,OBJECT,False,False,True,"[-0.6757546663284302, 0.3175894320011139, -0.061356570571660995]","[0.0, 0.0, 0.11128638684749603]","[1.0, 1.0, 1.0]",0,0,0,,FINAL_ORBIT_RIGAction,0,0
FX_ReflectCard_Green_01,MESH,ENVIRONMENT_EFFECT,FX_ReflectCard_Green_01_Mesh.001,LIGHTS_AND_REFLECTION_HELPERS,,OBJECT,False,False,True,"[5.319022178649902, -0.9369463324546814, 2.465970516204834]","[1.5707963705062866, 0.0, 0.0]","[1.0, 1.0, 1.0]",0,0,0,FX_MAT_CyclesReflect_Green,FX_ReflectCard_Green_01Action,0,0
FX_ReflectCard_Green_02,MESH,ENVIRONMENT_EFFECT,FX_ReflectCard_Green_02_Mesh.001,LIGHTS_AND_REFLECTION_HELPERS,,OBJECT,False,False,True,"[4.091555595397949, -0.9569463133811951, 1.9510010480880737]","[1.5707963705062866, 0.0, 0.0]","[1.0, 1.0, 1.0]",0,0,0,FX_MAT_CyclesReflect_Green,FX_ReflectCard_Green_02Action,0,0
FX_ReflectCard_Red_01,MESH,ENVIRONMENT_EFFECT,FX_ReflectCard_Red_01_Mesh.001,LIGHTS_AND_REFLECTION_HELPERS,,OBJECT,False,False,True,"[-5.728177547454834, -0.9369463324546814, 2.5055835247039795]","[1.5707963705062866, 0.0, 0.0]","[1.0, 1.0, 1.0]",0,0,0,FX_MAT_CyclesReflect_Red,FX_ReflectCard_Red_01Action,0,0
FX_ReflectCard_Red_02,MESH,ENVIRONMENT_EFFECT,FX_ReflectCard_Red_02_Mesh.001,LIGHTS_AND_REFLECTION_HELPERS,,OBJECT,False,False,True,"[-4.500710964202881, -0.9569463133811951, 1.9906140565872192]","[1.5707963705062866, 0.0, 0.0]","[1.0, 1.0, 1.0]",0,0,0,FX_MAT_CyclesReflect_Red,FX_ReflectCard_Red_02Action,0,0
FX_ReflectCard_Yellow_01,MESH,ENVIRONMENT_EFFECT,FX_ReflectCard_Yellow_01_Mesh.001,LIGHTS_AND_REFLECTION_HELPERS,,OBJECT,False,False,True,"[0.0, -0.9369463324546814, 2.4263575077056885]","[1.5707963705062866, 0.0, 0.0]","[1.0, 1.0, 1.0]",0,0,0,FX_MAT_CyclesReflect_Yellow,FX_ReflectCard_Yellow_01Action,0,0
FX_ReflectCard_Yellow_02,MESH,ENVIRONMENT_EFFECT,FX_ReflectCard_Yellow_02_Mesh.001,LIGHTS_AND_REFLECTION_HELPERS,,OBJECT,False,False,True,"[1.2274665832519531, -0.9569463133811951, 1.8717749118804932]","[1.5707963705062866, 0.0, 0.0]","[1.0, 1.0, 1.0]",0,0,0,FX_MAT_CyclesReflect_Yellow,FX_ReflectCard_Yellow_02Action,0,0
FX_TrafficLight_Green,LIGHT,ENVIRONMENT_EFFECT,FX_TrafficLight_Green_Data,LIGHTS_AND_REFLECTION_HELPERS,,OBJECT,False,False,True,"[5.728177547454834, -4.716946125030518, 2.4263575077056885]","[1.5484920740127563, 7.786525912933939e-08, 0.9381227493286133]","[1.0, 1.0, 1.0]",0,0,0,,FX_TrafficLight_GreenAction,0,0
FX_TrafficLight_Red,LIGHT,ENVIRONMENT_EFFECT,FX_TrafficLight_Red_Data,LIGHTS_AND_REFLECTION_HELPERS,,OBJECT,False,False,True,"[-5.728177547454834, -4.716946125030518, 2.4263575077056885]","[1.5484920740127563, -7.786525912933939e-08, -0.9381227493286133]","[1.0, 1.0, 1.0]",0,0,0,,FX_TrafficLight_RedAction,0,0
FX_TrafficLight_Yellow,LIGHT,ENVIRONMENT_EFFECT,FX_TrafficLight_Yellow_Data,LIGHTS_AND_REFLECTION_HELPERS,,OBJECT,False,False,True,"[0.0, -4.966946125030518, 2.5055835247039795]","[1.517436146736145, -0.0, 0.0]","[1.0, 1.0, 1.0]",0,0,0,,FX_TrafficLight_YellowAction,0,0
Handlebars.001,MESH,CHARACTER,Mesh.015,PROPS,Large Trash Can,OBJECT,False,False,True,"[0.0, 0.0, 0.0]","[0.0, 0.0, 0.0]","[1.0, 1.0, 1.0]",0,0,0,Can.002,Handlebars.001Action,0,0
HERO_CarAmberHoodRead,LIGHT,CLOTHING,HERO_CarAmberHoodRead_Data,LIGHTS_AND_REFLECTION_HELPERS,,OBJECT,False,False,True,"[5.265153884887695, 1.978294849395752, 5.190776824951172]","[-0.018606707453727722, 0.020346131175756454, 3.3069701194763184]","[3.5268781185150146, 3.5269880294799805, 1.0043387413024902]",0,0,0,,HERO_CarAmberHoodReadAction,0,0
HERO_CarAmberRoofRead,LIGHT,ENVIRONMENT_EFFECT,HERO_CarAmberRoofRead_Data,LIGHTS_AND_REFLECTION_HELPERS,,OBJECT,False,False,True,"[-5.1865057945251465, 1.9953433275222778, 5.201615333557129]","[0.04073687642812729, 0.029513869434595108, -0.6313019394874573]","[2.981391191482544, 2.981224298477173, 1.0181806087493896]",0,0,0,,HERO_CarAmberRoofReadAction,0,0
HERO_CarWarmSideGlint,LIGHT,CHARACTER,HERO_CarWarmSideGlint_Data,LIGHTS_AND_REFLECTION_HELPERS,,OBJECT,False,False,True,"[0.00734373927116394, 22.906091690063477, 7.155600547790527]","[-0.008619682863354683, -4.607848680393545e-08, -1.570796251296997]","[2.4712367057800293, 2.4711599349975586, 1.0001896619796753]",0,0,0,,HERO_CarWarmSideGlintAction,0,0
HERO_Curb_VerticalFace,MESH,CHARACTER,Cube.196,ENVIRONMENT_AND_PARKING,,OBJECT,False,False,True,"[0.0, 19.022600173950195, -0.015452387742698193]","[0.0, 0.0, 0.0]","[1.0, 1.0, 1.0]",2,0,0,HERO_MAT_SidewalkConcrete,HERO_Curb_VerticalFaceAction,0,0
HERO_CyanUnderglow_Area,LIGHT,ENVIRONMENT_EFFECT,HERO_CyanUnderglow_Area_Data,LIGHTS_AND_REFLECTION_HELPERS,,OBJECT,False,False,True,"[-1.5229530334472656, 5.177516937255859, 0.07527600228786469]","[0.0, -0.0, -1.0902292728424072]","[2.4484784603118896, 1.9351017475128174, 1.0]",0,0,0,,HERO_CyanUnderglow_AreaAction,0,0
HERO_DoubleDoor_CenterMeet_1,MESH,ENVIRONMENT_EFFECT,Cube.175,ENVIRONMENT_AND_PARKING,,OBJECT,False,False,True,"[-2.7137868404388428, 23.812000274658203, 1.6821506023406982]","[0.0, 0.0, 0.0]","[1.0, 1.0, 1.0]",2,0,0,HERO_MAT_ConjoinedBlackMetalFrames,HERO_DoubleDoor_CenterMeet_1Action,0,0
HERO_DoubleDoor_CenterMeet_2,MESH,ENVIRONMENT_EFFECT,Cube.183,ENVIRONMENT_AND_PARKING,,OBJECT,False,False,True,"[2.7137868404388428, 23.812000274658203, 1.6821506023406982]","[0.0, 0.0, 0.0]","[1.0, 1.0, 1.0]",2,0,0,HERO_MAT_ConjoinedBlackMetalFrames,HERO_DoubleDoor_CenterMeet_2Action,0,0
HERO_DoubleDoor_LeftSide_1,MESH,ENVIRONMENT_EFFECT,Cube.174,ENVIRONMENT_AND_PARKING,,OBJECT,False,False,True,"[-4.13330602645874, 23.815000534057617, 1.6821506023406982]","[0.0, 0.0, 0.0]","[1.0, 1.0, 1.0]",2,0,0,HERO_MAT_ConjoinedBlackMetalFrames,HERO_DoubleDoor_LeftSide_1Action,0,0
HERO_DoubleDoor_LeftSide_2,MESH,ENVIRONMENT_EFFECT,Cube.182,ENVIRONMENT_AND_PARKING,,OBJECT,False,False,True,"[1.2942675352096558, 23.815000534057617, 1.6821506023406982]","[0.0, 0.0, 0.0]","[1.0, 1.0, 1.0]",2,0,0,HERO_MAT_ConjoinedBlackMetalFrames,HERO_DoubleDoor_LeftSide_2Action,0,0
HERO_DoubleDoor_RightSide_1,MESH,ENVIRONMENT_EFFECT,Cube.176,ENVIRONMENT_AND_PARKING,,OBJECT,False,False,True,"[-1.2942675352096558, 23.815000534057617, 1.6821506023406982]","[0.0, 0.0, 0.0]","[1.0, 1.0, 1.0]",2,0,0,HERO_MAT_ConjoinedBlackMetalFrames,HERO_DoubleDoor_RightSide_1Action,0,0
HERO_DoubleDoor_RightSide_2,MESH,ENVIRONMENT_EFFECT,Cube.184,ENVIRONMENT_AND_PARKING,,OBJECT,False,False,True,"[4.13330602645874, 23.815000534057617, 1.6821506023406982]","[0.0, 0.0, 0.0]","[1.0, 1.0, 1.0]",2,0,0,HERO_MAT_ConjoinedBlackMetalFrames,HERO_DoubleDoor_RightSide_2Action,0,0
HERO_DoubleDoor_TopFrame_1,MESH,ENVIRONMENT_EFFECT,Cube.177,ENVIRONMENT_AND_PARKING,,OBJECT,False,False,True,"[-2.7137868404388428, 23.812000274658203, 3.3043012619018555]","[0.0, 0.0, 0.0]","[1.0, 1.0, 1.0]",2,0,0,HERO_MAT_ConjoinedBlackMetalFrames,HERO_DoubleDoor_TopFrame_1Action,0,0
HERO_DoubleDoor_TopFrame_2,MESH,ENVIRONMENT_EFFECT,Cube.185,ENVIRONMENT_AND_PARKING,,OBJECT,False,False,True,"[2.7137868404388428, 23.812000274658203, 3.3043012619018555]","[0.0, 0.0, 0.0]","[1.0, 1.0, 1.0]",2,0,0,HERO_MAT_ConjoinedBlackMetalFrames,HERO_DoubleDoor_TopFrame_2Action,0,0
HERO_GlassStorefront_Bay_0,MESH,ENVIRONMENT_EFFECT,Cube.112,ENVIRONMENT_AND_PARKING,,OBJECT,False,False,True,"[-8.14136028289795, 23.8700008392334, 1.9958266019821167]","[0.0, 0.0, 0.0]","[1.0, 1.0, 1.0]",2,0,0,HERO_MAT_Glass_NightGlossy,HERO_GlassStorefront_Bay_0Action,0,0
HERO_GlassStorefront_Bay_1,MESH,ENVIRONMENT_EFFECT,Cube.170,ENVIRONMENT_AND_PARKING,,OBJECT,False,False,True,"[-2.7137868404388428, 23.8700008392334, 1.9958266019821167]","[0.0, 0.0, 0.0]","[1.0, 1.0, 1.0]",2,0,0,HERO_MAT_Glass_NightGlossy,HERO_GlassStorefront_Bay_1Action,0,0
HERO_GlassStorefront_Bay_2,MESH,ENVIRONMENT_EFFECT,Cube.178,ENVIRONMENT_AND_PARKING,,OBJECT,False,False,True,"[2.7137868404388428, 23.8700008392334, 1.9958266019821167]","[0.0, 0.0, 0.0]","[1.0, 1.0, 1.0]",2,0,0,HERO_MAT_Glass_NightGlossy,HERO_GlassStorefront_Bay_2Action,0,0
HERO_GlassStorefront_Bay_3,MESH,ENVIRONMENT_EFFECT,Cube.186,ENVIRONMENT_AND_PARKING,,OBJECT,False,False,True,"[8.14136028289795, 23.8700008392334, 1.9958266019821167]","[0.0, 0.0, 0.0]","[1.0, 1.0, 1.0]",2,0,0,HERO_MAT_Glass_NightGlossy,HERO_GlassStorefront_Bay_3Action,0,0
HERO_HParking_CenterSpine,MESH,ENVIRONMENT_EFFECT,Cube.222,ENVIRONMENT_AND_PARKING,,OBJECT,False,False,True,"[0.0, 2.6500000953674316, 0.18725429475307465]","[0.0, 0.0, 0.0]","[1.0, 1.0, 1.0]",0,0,0,HERO_MAT_ParkingLinePaint,HERO_HParking_CenterSpineAction,0,0
HERO_HParking_Row0_Divider_0,MESH,ENVIRONMENT_EFFECT,Cube.206,ENVIRONMENT_AND_PARKING,,OBJECT,False,False,True,"[-9.254709243774414, 1.149999976158142, 0.18725429475307465]","[0.0, 0.0, 0.0]","[1.0, 1.0, 1.0]",0,0,0,HERO_MAT_ParkingLinePaint,HERO_HParking_Row0_Divider_0Action,0,0
HERO_HParking_Row0_Divider_1,MESH,ENVIRONMENT_EFFECT,Cube.207,ENVIRONMENT_AND_PARKING,,OBJECT,False,False,True,"[-6.610506534576416, 1.149999976158142, 0.18725429475307465]","[0.0, 0.0, 0.0]","[1.0, 1.0, 1.0]",0,0,0,HERO_MAT_ParkingLinePaint,HERO_HParking_Row0_Divider_1Action,0,0
HERO_HParking_Row0_Divider_2,MESH,ENVIRONMENT_EFFECT,Cube.208,ENVIRONMENT_AND_PARKING,,OBJECT,False,False,True,"[-3.966303825378418, 1.149999976158142, 0.18725429475307465]","[0.0, 0.0, 0.0]","[1.0, 1.0, 1.0]",0,0,0,HERO_MAT_ParkingLinePaint,HERO_HParking_Row0_Divider_2Action,0,0
HERO_HParking_Row0_Divider_3,MESH,ENVIRONMENT_EFFECT,Cube.209,ENVIRONMENT_AND_PARKING,,OBJECT,False,False,True,"[-1.3221012353897095, 1.149999976158142, 0.18725429475307465]","[0.0, 0.0, 0.0]","[1.0, 1.0, 1.0]",0,0,0,HERO_MAT_ParkingLinePaint,HERO_HParking_Row0_Divider_3Action,0,0
HERO_HParking_Row0_Divider_4,MESH,ENVIRONMENT_EFFECT,Cube.210,ENVIRONMENT_AND_PARKING,,OBJECT,False,False,True,"[1.3221012353897095, 1.149999976158142, 0.18725429475307465]","[0.0, 0.0, 0.0]","[1.0, 1.0, 1.0]",0,0,0,HERO_MAT_ParkingLinePaint,HERO_HParking_Row0_Divider_4Action,0,0
HERO_HParking_Row0_Divider_5,MESH,ENVIRONMENT_EFFECT,Cube.211,ENVIRONMENT_AND_PARKING,,OBJECT,False,False,True,"[3.966303825378418, 1.149999976158142, 0.18725429475307465]","[0.0, 0.0, 0.0]","[1.0, 1.0, 1.0]",0,0,0,HERO_MAT_ParkingLinePaint,HERO_HParking_Row0_Divider_5Action,0,0
HERO_HParking_Row0_Divider_6,MESH,ENVIRONMENT_EFFECT,Cube.212,ENVIRONMENT_AND_PARKING,,OBJECT,False,False,True,"[6.610506534576416, 1.149999976158142, 0.18725429475307465]","[0.0, 0.0, 0.0]","[1.0, 1.0, 1.0]",0,0,0,HERO_MAT_ParkingLinePaint,HERO_HParking_Row0_Divider_6Action,0,0
HERO_HParking_Row0_Divider_7,MESH,ENVIRONMENT_EFFECT,Cube.213,ENVIRONMENT_AND_PARKING,,OBJECT,False,False,True,"[9.254709243774414, 1.149999976158142, 0.18725429475307465]","[0.0, 0.0, 0.0]","[1.0, 1.0, 1.0]",0,0,0,HERO_MAT_ParkingLinePaint,HERO_HParking_Row0_Divider_7Action,0,0
HERO_HParking_Row1_Divider_0,MESH,ENVIRONMENT_EFFECT,Cube.214,ENVIRONMENT_AND_PARKING,,OBJECT,False,False,True,"[-9.254709243774414, 4.150000095367432, 0.18725429475307465]","[0.0, 0.0, 0.0]","[1.0, 1.0, 1.0]",0,0,0,HERO_MAT_ParkingLinePaint,HERO_HParking_Row1_Divider_0Action,0,0
HERO_HParking_Row1_Divider_1,MESH,ENVIRONMENT_EFFECT,Cube.215,ENVIRONMENT_AND_PARKING,,OBJECT,False,False,True,"[-6.610506534576416, 4.150000095367432, 0.18725429475307465]","[0.0, 0.0, 0.0]","[1.0, 1.0, 1.0]",0,0,0,HERO_MAT_ParkingLinePaint,HERO_HParking_Row1_Divider_1Action,0,0
HERO_HParking_Row1_Divider_2,MESH,ENVIRONMENT_EFFECT,Cube.216,ENVIRONMENT_AND_PARKING,,OBJECT,False,False,True,"[-3.966303825378418, 4.150000095367432, 0.18725429475307465]","[0.0, 0.0, 0.0]","[1.0, 1.0, 1.0]",0,0,0,HERO_MAT_ParkingLinePaint,HERO_HParking_Row1_Divider_2Action,0,0
HERO_HParking_Row1_Divider_3,MESH,ENVIRONMENT_EFFECT,Cube.217,ENVIRONMENT_AND_PARKING,,OBJECT,False,False,True,"[-1.3221012353897095, 4.150000095367432, 0.18725429475307465]","[0.0, 0.0, 0.0]","[1.0, 1.0, 1.0]",0,0,0,HERO_MAT_ParkingLinePaint,HERO_HParking_Row1_Divider_3Action,0,0
HERO_HParking_Row1_Divider_4,MESH,ENVIRONMENT_EFFECT,Cube.218,ENVIRONMENT_AND_PARKING,,OBJECT,False,False,True,"[1.3221012353897095, 4.150000095367432, 0.18725429475307465]","[0.0, 0.0, 0.0]","[1.0, 1.0, 1.0]",0,0,0,HERO_MAT_ParkingLinePaint,HERO_HParking_Row1_Divider_4Action,0,0
HERO_HParking_Row1_Divider_5,MESH,ENVIRONMENT_EFFECT,Cube.219,ENVIRONMENT_AND_PARKING,,OBJECT,False,False,True,"[3.966303825378418, 4.150000095367432, 0.18725429475307465]","[0.0, 0.0, 0.0]","[1.0, 1.0, 1.0]",0,0,0,HERO_MAT_ParkingLinePaint,HERO_HParking_Row1_Divider_5Action,0,0
HERO_HParking_Row1_Divider_6,MESH,ENVIRONMENT_EFFECT,Cube.220,ENVIRONMENT_AND_PARKING,,OBJECT,False,False,True,"[6.610506534576416, 4.150000095367432, 0.18725429475307465]","[0.0, 0.0, 0.0]","[1.0, 1.0, 1.0]",0,0,0,HERO_MAT_ParkingLinePaint,HERO_HParking_Row1_Divider_6Action,0,0
HERO_HParking_Row1_Divider_7,MESH,ENVIRONMENT_EFFECT,Cube.221,ENVIRONMENT_AND_PARKING,,OBJECT,False,False,True,"[9.254709243774414, 4.150000095367432, 0.18725429475307465]","[0.0, 0.0, 0.0]","[1.0, 1.0, 1.0]",0,0,0,HERO_MAT_ParkingLinePaint,HERO_HParking_Row1_Divider_7Action,0,0
HERO_LampArm_0,MESH,CHARACTER,Cylinder.017,LIGHTS_AND_REFLECTION_HELPERS,,OBJECT,False,False,True,"[-5.22226619720459, 2.329782247543335, 5.278862953186035]","[1.5707963705062866, 0.0, 0.0]","[1.0, 1.0, 1.0]",0,0,0,HERO_MAT_LampPostDarkMetal,HERO_LampArm_0Action,0,0
HERO_LampArm_1,MESH,CHARACTER,Cylinder.019,LIGHTS_AND_REFLECTION_HELPERS,,OBJECT,False,False,True,"[5.271664142608643, 2.333653688430786, 5.278862953186035]","[1.5707963705062866, -0.0, 3.1018993854522705]","[1.0, 1.0, 1.0]",0,0,0,HERO_MAT_LampPostDarkMetal,HERO_LampArm_1Action,0,0
HERO_LampFixture_0,MESH,ENVIRONMENT_EFFECT,Cube.223,LIGHTS_AND_REFLECTION_HELPERS,,OBJECT,False,False,True,"[-5.22226619720459, 1.9897819757461548, 5.278862953186035]","[0.0, 0.0, 0.0]","[1.0, 1.0, 1.0]",2,0,0,HERO_MAT_LampPostDarkMetal,HERO_LampFixture_0Action,0,0
HERO_LampFixture_1,MESH,ENVIRONMENT_EFFECT,Cube.225,LIGHTS_AND_REFLECTION_HELPERS,,OBJECT,False,False,True,"[5.258172035217285, 1.9939212799072266, 5.278862953186035]","[0.0, -0.0, 3.1018993854522705]","[1.0, 1.0, 1.0]",2,0,0,HERO_MAT_LampPostDarkMetal,HERO_LampFixture_1Action,0,0
HERO_LampGlass_0,MESH,ENVIRONMENT_EFFECT,Cube.224,LIGHTS_AND_REFLECTION_HELPERS,,OBJECT,False,False,True,"[-5.22226619720459, 1.9897819757461548, 5.238862991333008]","[0.0, 0.0, 0.0]","[1.0, 1.0, 1.0]",2,0,0,HERO_MAT_LampGlassAmber,HERO_LampGlass_0Action,0,0
HERO_LampGlass_1,MESH,ENVIRONMENT_EFFECT,Cube.226,LIGHTS_AND_REFLECTION_HELPERS,,OBJECT,False,False,True,"[5.258172035217285, 1.9939212799072266, 5.238862991333008]","[0.0, -0.0, 3.1018993854522705]","[1.0, 1.0, 1.0]",2,0,0,HERO_MAT_LampGlassAmber,HERO_LampGlass_1Action,0,0
HERO_LampPole_0,MESH,ENVIRONMENT_EFFECT,Cylinder.016,LIGHTS_AND_REFLECTION_HELPERS,,OBJECT,False,False,True,"[-5.22226619720459, 2.649782180786133, 2.6394314765930176]","[0.0, 0.0, 0.0]","[1.0, 1.0, 1.0]",0,0,0,HERO_MAT_LampPostDarkMetal,HERO_LampPole_0Action,0,0
HERO_LampPole_1,MESH,ENVIRONMENT_EFFECT,Cylinder.018,LIGHTS_AND_REFLECTION_HELPERS,,OBJECT,False,False,True,"[5.28436279296875, 2.6534018516540527, 2.6394317150115967]","[0.0, -0.0, 3.1018993854522705]","[1.0, 1.0, 1.0]",0,0,0,HERO_MAT_LampPostDarkMetal,HERO_LampPole_1Action,0,0
HERO_Rooftop_HVAC_0,MESH,ENVIRONMENT_EFFECT,Cube.191,ENVIRONMENT_AND_PARKING,,OBJECT,False,False,True,"[-8.194244384765625, 27.0, 6.323637962341309]","[0.0, 0.0, 0.0]","[1.0, 1.0, 1.0]",2,0,0,HERO_MAT_RooftopHVAC,HERO_Rooftop_HVAC_0Action,0,0
HERO_Rooftop_HVAC_1,MESH,ENVIRONMENT_EFFECT,Cube.192,ENVIRONMENT_AND_PARKING,,OBJECT,False,False,True,"[-2.560701370239258, 27.0, 6.323637962341309]","[0.0, 0.0, 0.0]","[1.0, 1.0, 1.0]",2,0,0,HERO_MAT_RooftopHVAC,HERO_Rooftop_HVAC_1Action,0,0
HERO_Rooftop_HVAC_2,MESH,ENVIRONMENT_EFFECT,Cube.193,ENVIRONMENT_AND_PARKING,,OBJECT,False,False,True,"[3.0728416442871094, 27.0, 6.323637962341309]","[0.0, 0.0, 0.0]","[1.0, 1.0, 1.0]",2,0,0,HERO_MAT_RooftopHVAC,HERO_Rooftop_HVAC_2Action,0,0
HERO_Rooftop_HVAC_3,MESH,ENVIRONMENT_EFFECT,Cube.194,ENVIRONMENT_AND_PARKING,,OBJECT,False,False,True,"[8.706384658813477, 27.0, 6.323637962341309]","[0.0, 0.0, 0.0]","[1.0, 1.0, 1.0]",2,0,0,HERO_MAT_RooftopHVAC,HERO_Rooftop_HVAC_3Action,0,0
HERO_Rooftop_Vent_0,MESH,ENVIRONMENT_EFFECT,Cylinder.008,ENVIRONMENT_AND_PARKING,,OBJECT,False,False,True,"[-7.693237781524658, 27.059999465942383, 6.543590545654297]","[0.0, 0.0, 0.0]","[1.0, 1.0, 1.0]",0,0,0,HERO_MAT_RooftopHVAC,HERO_Rooftop_Vent_0Action,0,0
HERO_Rooftop_Vent_1,MESH,ENVIRONMENT_EFFECT,Cylinder.009,ENVIRONMENT_AND_PARKING,,OBJECT,False,False,True,"[-2.059694528579712, 27.059999465942383, 6.543590545654297]","[0.0, 0.0, 0.0]","[1.0, 1.0, 1.0]",0,0,0,HERO_MAT_RooftopHVAC,HERO_Rooftop_Vent_1Action,0,0
HERO_Rooftop_Vent_2,MESH,ENVIRONMENT_EFFECT,Cylinder.010,ENVIRONMENT_AND_PARKING,,OBJECT,False,False,True,"[3.5738484859466553, 27.059999465942383, 6.543590545654297]","[0.0, 0.0, 0.0]","[1.0, 1.0, 1.0]",0,0,0,HERO_MAT_RooftopHVAC,HERO_Rooftop_Vent_2Action,0,0
HERO_Rooftop_Vent_3,MESH,ENVIRONMENT_EFFECT,Cylinder.011,ENVIRONMENT_AND_PARKING,,OBJECT,False,False,True,"[9.207391738891602, 27.059999465942383, 6.543590545654297]","[0.0, 0.0, 0.0]","[1.0, 1.0, 1.0]",0,0,0,HERO_MAT_RooftopHVAC,HERO_Rooftop_Vent_3Action,0,0
HERO_Sidewalk_ExpansionJoint_X_1,MESH,ENVIRONMENT_EFFECT,Cube.198,ENVIRONMENT_AND_PARKING,,OBJECT,False,False,True,"[-9.602630615234375, 21.528799057006836, 0.04600000008940697]","[0.0, 0.0, 0.0]","[1.0, 1.0, 1.0]",0,0,0,HERO_MAT_SidewalkGroove,HERO_Sidewalk_ExpansionJoint_X_1Action,0,0
HERO_Sidewalk_ExpansionJoint_X_2,MESH,ENVIRONMENT_EFFECT,Cube.199,ENVIRONMENT_AND_PARKING,,OBJECT,False,False,True,"[-6.4017534255981445, 21.528799057006836, 0.04600000008940697]","[0.0, 0.0, 0.0]","[1.0, 1.0, 1.0]",0,0,0,HERO_MAT_SidewalkGroove,HERO_Sidewalk_ExpansionJoint_X_2Action,0,0
HERO_Sidewalk_ExpansionJoint_X_3,MESH,ENVIRONMENT_EFFECT,Cube.200,ENVIRONMENT_AND_PARKING,,OBJECT,False,False,True,"[-3.2008767127990723, 21.528799057006836, 0.04600000008940697]","[0.0, 0.0, 0.0]","[1.0, 1.0, 1.0]",0,0,0,HERO_MAT_SidewalkGroove,HERO_Sidewalk_ExpansionJoint_X_3Action,0,0
HERO_Sidewalk_ExpansionJoint_X_4,MESH,ENVIRONMENT_EFFECT,Cube.201,ENVIRONMENT_AND_PARKING,,OBJECT,False,False,True,"[0.0, 21.528799057006836, 0.04600000008940697]","[0.0, 0.0, 0.0]","[1.0, 1.0, 1.0]",0,0,0,HERO_MAT_SidewalkGroove,HERO_Sidewalk_ExpansionJoint_X_4Action,0,0
HERO_Sidewalk_ExpansionJoint_X_5,MESH,ENVIRONMENT_EFFECT,Cube.202,ENVIRONMENT_AND_PARKING,,OBJECT,False,False,True,"[3.2008767127990723, 21.528799057006836, 0.04600000008940697]","[0.0, 0.0, 0.0]","[1.0, 1.0, 1.0]",0,0,0,HERO_MAT_SidewalkGroove,HERO_Sidewalk_ExpansionJoint_X_5Action,0,0
HERO_Sidewalk_ExpansionJoint_X_6,MESH,ENVIRONMENT_EFFECT,Cube.203,ENVIRONMENT_AND_PARKING,,OBJECT,False,False,True,"[6.4017534255981445, 21.528799057006836, 0.04600000008940697]","[0.0, 0.0, 0.0]","[1.0, 1.0, 1.0]",0,0,0,HERO_MAT_SidewalkGroove,HERO_Sidewalk_ExpansionJoint_X_6Action,0,0
HERO_Sidewalk_ExpansionJoint_X_7,MESH,ENVIRONMENT_EFFECT,Cube.204,ENVIRONMENT_AND_PARKING,,OBJECT,False,False,True,"[9.602630615234375, 21.528799057006836, 0.04600000008940697]","[0.0, 0.0, 0.0]","[1.0, 1.0, 1.0]",0,0,0,HERO_MAT_SidewalkGroove,HERO_Sidewalk_ExpansionJoint_X_7Action,0,0
HERO_Sidewalk_WideTop,MESH,ENVIRONMENT_EFFECT,Cube.195,ENVIRONMENT_AND_PARKING,,OBJECT,False,False,True,"[0.0, 21.528799057006836, 0.019999999552965164]","[0.0, 0.0, 0.0]","[1.0, 1.0, 1.0]",2,0,0,HERO_MAT_SidewalkConcrete,HERO_Sidewalk_WideTopAction,0,0
HERO_Storefront_CenterMullion_0,MESH,ENVIRONMENT_EFFECT,Cube.169,ENVIRONMENT_AND_PARKING,,OBJECT,False,False,True,"[-8.14136028289795, 23.834999084472656, 1.9958266019821167]","[0.0, 0.0, 0.0]","[1.0, 1.0, 1.0]",2,0,0,HERO_MAT_ConjoinedBlackMetalFrames,HERO_Storefront_CenterMullion_0Action,0,0
HERO_Storefront_CenterMullion_3,MESH,ENVIRONMENT_EFFECT,Cube.190,ENVIRONMENT_AND_PARKING,,OBJECT,False,False,True,"[8.14136028289795, 23.834999084472656, 1.9958266019821167]","[0.0, 0.0, 0.0]","[1.0, 1.0, 1.0]",2,0,0,HERO_MAT_ConjoinedBlackMetalFrames,HERO_Storefront_CenterMullion_3Action,0,0
HERO_Storefront_ContinuousBottomFrame,MESH,ENVIRONMENT_EFFECT,Cube.059,ENVIRONMENT_AND_PARKING,,OBJECT,False,False,True,"[0.0, 23.834999084472656, 0.05999999865889549]","[0.0, 0.0, 0.0]","[1.0, 1.0, 1.0]",2,0,0,HERO_MAT_ConjoinedBlackMetalFrames,HERO_Storefront_ContinuousBottomFrameAction,0,0
HERO_Storefront_ContinuousTopFrame,MESH,ENVIRONMENT_EFFECT,Cube.058,ENVIRONMENT_AND_PARKING,,OBJECT,False,False,True,"[0.0, 23.834999084472656, 3.9316530227661133]","[0.0, 0.0, 0.0]","[1.0, 1.0, 1.0]",2,0,0,HERO_MAT_ConjoinedBlackMetalFrames,HERO_Storefront_ContinuousTopFrameAction,0,0
HERO_Storefront_LeftVertical_0,MESH,ENVIRONMENT_EFFECT,Cube.119,ENVIRONMENT_AND_PARKING,,OBJECT,False,False,True,"[-10.228888511657715, 23.834999084472656, 1.9958266019821167]","[0.0, 0.0, 0.0]","[1.0, 1.0, 1.0]",2,0,0,HERO_MAT_ConjoinedBlackMetalFrames,HERO_Storefront_LeftVertical_0Action,0,0
HERO_Storefront_LeftVertical_1,MESH,ENVIRONMENT_EFFECT,Cube.171,ENVIRONMENT_AND_PARKING,,OBJECT,False,False,True,"[-4.8013153076171875, 23.834999084472656, 1.9958266019821167]","[0.0, 0.0, 0.0]","[1.0, 1.0, 1.0]",2,0,0,HERO_MAT_ConjoinedBlackMetalFrames,HERO_Storefront_LeftVertical_1Action,0,0
HERO_Storefront_LeftVertical_2,MESH,ENVIRONMENT_EFFECT,Cube.179,ENVIRONMENT_AND_PARKING,,OBJECT,False,False,True,"[0.6262584924697876, 23.834999084472656, 1.9958266019821167]","[0.0, 0.0, 0.0]","[1.0, 1.0, 1.0]",2,0,0,HERO_MAT_ConjoinedBlackMetalFrames,HERO_Storefront_LeftVertical_2Action,0,0
HERO_Storefront_LeftVertical_3,MESH,ENVIRONMENT_EFFECT,Cube.187,ENVIRONMENT_AND_PARKING,,OBJECT,False,False,True,"[6.053832054138184, 23.834999084472656, 1.9958266019821167]","[0.0, 0.0, 0.0]","[1.0, 1.0, 1.0]",2,0,0,HERO_MAT_ConjoinedBlackMetalFrames,HERO_Storefront_LeftVertical_3Action,0,0
HERO_Storefront_MidHorizontal_0,MESH,ENVIRONMENT_EFFECT,Cube.133,ENVIRONMENT_AND_PARKING,,OBJECT,False,False,True,"[-8.14136028289795, 23.834999084472656, 1.9958266019821167]","[0.0, 0.0, 0.0]","[1.0, 1.0, 1.0]",2,0,0,HERO_MAT_ConjoinedBlackMetalFrames,HERO_Storefront_MidHorizontal_0Action,0,0
HERO_Storefront_MidHorizontal_1,MESH,ENVIRONMENT_EFFECT,Cube.173,ENVIRONMENT_AND_PARKING,,OBJECT,False,False,True,"[-2.7137868404388428, 23.834999084472656, 1.9958266019821167]","[0.0, 0.0, 0.0]","[1.0, 1.0, 1.0]",2,0,0,HERO_MAT_ConjoinedBlackMetalFrames,HERO_Storefront_MidHorizontal_1Action,0,0
HERO_Storefront_MidHorizontal_2,MESH,ENVIRONMENT_EFFECT,Cube.181,ENVIRONMENT_AND_PARKING,,OBJECT,False,False,True,"[2.7137868404388428, 23.834999084472656, 1.9958266019821167]","[0.0, 0.0, 0.0]","[1.0, 1.0, 1.0]",2,0,0,HERO_MAT_ConjoinedBlackMetalFrames,HERO_Storefront_MidHorizontal_2Action,0,0
HERO_Storefront_MidHorizontal_3,MESH,ENVIRONMENT_EFFECT,Cube.189,ENVIRONMENT_AND_PARKING,,OBJECT,False,False,True,"[8.14136028289795, 23.834999084472656, 1.9958266019821167]","[0.0, 0.0, 0.0]","[1.0, 1.0, 1.0]",2,0,0,HERO_MAT_ConjoinedBlackMetalFrames,HERO_Storefront_MidHorizontal_3Action,0,0
HERO_Storefront_RightVertical_0,MESH,ENVIRONMENT_EFFECT,Cube.126,ENVIRONMENT_AND_PARKING,,OBJECT,False,False,True,"[-6.053832054138184, 23.834999084472656, 1.9958266019821167]","[0.0, 0.0, 0.0]","[1.0, 1.0, 1.0]",2,0,0,HERO_MAT_ConjoinedBlackMetalFrames,HERO_Storefront_RightVertical_0Action,0,0
HERO_Storefront_RightVertical_1,MESH,ENVIRONMENT_EFFECT,Cube.172,ENVIRONMENT_AND_PARKING,,OBJECT,False,False,True,"[-0.6262584924697876, 23.834999084472656, 1.9958266019821167]","[0.0, 0.0, 0.0]","[1.0, 1.0, 1.0]",2,0,0,HERO_MAT_ConjoinedBlackMetalFrames,HERO_Storefront_RightVertical_1Action,0,0
HERO_Storefront_RightVertical_2,MESH,ENVIRONMENT_EFFECT,Cube.180,ENVIRONMENT_AND_PARKING,,OBJECT,False,False,True,"[4.8013153076171875, 23.834999084472656, 1.9958266019821167]","[0.0, 0.0, 0.0]","[1.0, 1.0, 1.0]",2,0,0,HERO_MAT_ConjoinedBlackMetalFrames,HERO_Storefront_RightVertical_2Action,0,0
HERO_Storefront_RightVertical_3,MESH,ENVIRONMENT_EFFECT,Cube.188,ENVIRONMENT_AND_PARKING,,OBJECT,False,False,True,"[10.228888511657715, 23.834999084472656, 1.9958266019821167]","[0.0, 0.0, 0.0]","[1.0, 1.0, 1.0]",2,0,0,HERO_MAT_ConjoinedBlackMetalFrames,HERO_Storefront_RightVertical_3Action,0,0
HERO_StoreMall_DeepBody,MESH,CHARACTER,Cube.050,ENVIRONMENT_AND_PARKING,,OBJECT,False,False,True,"[0.0, 27.0, 2.886878252029419]","[0.0, 0.0, 0.0]","[1.0, 1.0, 1.0]",2,0,0,HERO_MAT_StoreStucco,HERO_StoreMall_DeepBodyAction,0,0
HERO_StoreMall_FlatRoof,MESH,ENVIRONMENT_EFFECT,Cube.056,ENVIRONMENT_AND_PARKING,,OBJECT,False,False,True,"[0.0, 27.0, 5.966214656829834]","[0.0, 0.0, 0.0]","[1.0, 1.0, 1.0]",2,0,0,HERO_MAT_FlatRoof,HERO_StoreMall_FlatRoofAction,0,0
HERO_StoreMall_FrontParapet,MESH,ENVIRONMENT_EFFECT,Cube.057,ENVIRONMENT_AND_PARKING,,OBJECT,False,False,True,"[0.0, 23.920000076293945, 6.488602161407471]","[0.0, 0.0, 0.0]","[1.0, 1.0, 1.0]",2,0,0,HERO_MAT_StoreStucco,HERO_StoreMall_FrontParapetAction,0,0
HERO_Underglow_FrontHiddenStrip,MESH,ENVIRONMENT_EFFECT,Cube.054,LIGHTS_AND_REFLECTION_HELPERS,,OBJECT,False,False,True,"[-0.41960203647613525, 3.3008735179901123, 0.19275429844856262]","[0.0, -0.0, 0.47500112652778625]","[0.5365940928459167, 1.0, 1.0]",2,0,0,HERO_MAT_CyanUnderglow,HERO_Underglow_FrontHiddenStripAction,0,0
HERO_Underglow_RearHiddenStrip,MESH,ENVIRONMENT_EFFECT,Cube.055,LIGHTS_AND_REFLECTION_HELPERS,,OBJECT,False,False,True,"[-2.4541354179382324, 7.081831932067871, 0.19275429844856262]","[0.0, -0.0, 0.4497731029987335]","[0.5107965469360352, 1.0, 1.0]",2,0,0,HERO_MAT_CyanUnderglow,HERO_Underglow_RearHiddenStripAction,0,0
L.Eye,MESH,CHARACTER,Sphere.019,Main Model,,OBJECT,False,False,True,"[0.1776907742023468, -0.34317445755004883, 2.2559003829956055]","[-0.2922254502773285, -0.08434820920228958, -0.05302854999899864]","[0.07299443334341049, 0.049894388765096664, 0.0726293995976448]",1,0,0,Material.001,L.EyeAction,0,0
Large Trash Can,EMPTY,OTHER,,PROPS,,OBJECT,False,False,True,"[0.0, 23.24567222595215, 0.0]","[0.0, 0.0, 0.0]","[1.524537205696106, 1.524537205696106, 1.524537205696106]",0,0,0,,Large Trash CanAction,0,0
Lid Pins.001,MESH,OTHER,Mesh.019,PROPS,Large Trash Can,OBJECT,False,False,True,"[-4.548223131450868e-09, 0.41747763752937317, 1.1111980676651]","[0.0, 0.0, 0.0]","[1.0, 1.0, 1.0]",0,0,0,Can.001,Lid Pins.001Action,0,0
Lid.001,MESH,OTHER,Mesh.017,PROPS,Large Trash Can,OBJECT,False,False,True,"[0.0005004405975341797, 0.41747763752937317, 1.1111980676651]","[0.0, -0.0, 0.0]","[1.0, 1.0, 1.0]",1,0,0,Can.002,Lid.001Action,0,0
Lightning,MESH,ENVIRONMENT_EFFECT,Cylinder,06_LIGHTING_REFLECTIONS,,OBJECT,False,False,True,"[-165.854248046875, -0.04423290491104126, 25.995426177978516]","[-0.06298112869262695, -0.06298112869262695, -0.06298112869262695]","[0.937018871307373, 0.937018871307373, 0.937018871307373]",1,1,0,Material.022,CylinderAction,0,0
Lowerpoly hoodie,MESH,CHARACTER,SACKBOY_Hoodie_Main_Mesh.002,HOODIE,,OBJECT,False,False,True,"[0.016639718785881996, -0.04106549173593521, 0.35124439001083374]","[0.0, 0.0, 0.0]","[3.5949368476867676, 3.4283840656280518, 2.253058671951294]",0,0,0,Cloth Black.004 | Cloth Black.004 | Cloth Black.004 | Material107852.002 | Material118001.002,Lowerpoly hoodieAction,0,0
Mball.008,MESH,OTHER,Mesh.001,SAME_NAME_Mball,177d920ddde57c74f8e1ef18863ab511,OBJECT,False,False,True,"[0.1273372620344162, -0.03058629110455513, 2.0140700340270996]","[0.0, -0.0, 0.0]","[0.004037804901599884, 0.004037804901599884, 0.004037804901599884]",1,0,0,no parking_Rusty painted metal,Mball.008Action,0,0
Mball.011,MESH,OTHER,Mesh,SAME_NAME_Mball,Plane.023,OBJECT,False,False,True,"[-0.02272433042526245, -0.005907662212848663, 0.025406330823898315]","[0.0, -0.0, 0.0]","[0.0058312551118433475, 0.0058312551118433475, 0.0058312551118433475]",1,0,0,no parking_Procedural Metal 01,Mball.011Action,0,0
Mountains,MESH,ENVIRONMENT_EFFECT,Plane.001,ENVIRONMENT_AND_PARKING,,OBJECT,False,False,True,"[0.05421638488769531, 22.606260299682617, -25.26473045349121]","[0.0, 0.0, 0.0]","[526.6121215820312, 526.6121215820312, 526.6121215820312]",0,0,0,Material.021,MountainsAction,0,0
No Parking Sign,EMPTY,ENVIRONMENT_EFFECT,,PROPS,,OBJECT,False,False,True,"[-10.828648567199707, 19.20541000366211, 0.060146719217300415]","[0.0, 0.0, 0.0]","[0.5581512451171875, 0.5581512451171875, 0.5581512451171875]",0,0,0,,No Parking SignAction,0,0
Plane,MESH,OTHER,Plane,SAME_NAME_Plane,Audi e-tron GT quattro Black,OBJECT,False,False,True,"[0.0, 0.0, 0.0]","[0.0, 0.0, 0.0]","[1.0, 1.0, 1.0]",1,0,0,Material.002,PlaneAction,0,0
Plane.001,MESH,CHARACTER,Plane.036,Shoes,Shoes,OBJECT,False,False,True,"[-0.2202046662569046, 0.6408016085624695, 0.3217954933643341]","[0.0, -0.0, 1.4835299253463745]","[2.5295095443725586, 4.72477388381958, 3.182590961456299]",0,0,0,Rubber Black | Cloth Black | Cloth Black | Shoes_Metal.001 | Cloth Black | Cloth Black | Rubber Black,Plane.001Action,0,0
Plane.002,MESH,OTHER,Plane.002,SAME_NAME_Plane,Audi e-tron GT quattro Black,OBJECT,False,False,True,"[0.0, 0.0, 0.0]","[0.0, 0.0, 0.0]","[1.0, 1.0, 1.0]",1,0,0,Material.002,Plane.002Action,0,0
Plane.003,MESH,OTHER,Plane.003,SAME_NAME_Plane,Audi e-tron GT quattro Black,OBJECT,False,False,True,"[0.0, 0.0, 0.0]","[0.0, 0.0, 0.0]","[1.0, 1.0, 1.0]",1,0,0,Material.002,Plane.003Action,0,0
Plane.004,MESH,OTHER,Plane.004,SAME_NAME_Plane,Audi e-tron GT quattro Black,OBJECT,False,False,True,"[0.0, 0.0, 0.0]","[0.0, 0.0, 0.0]","[1.0, 1.0, 1.0]",1,0,0,Material.002 | Plastic,Plane.004Action,0,0
Plane.005,MESH,OTHER,Plane.005,SAME_NAME_Plane,Audi e-tron GT quattro Black,OBJECT,False,False,True,"[0.0, 0.0, 0.0]","[0.0, 0.0, 0.0]","[1.0, 1.0, 1.0]",1,0,0,Material.002 | Plastic,Plane.005Action,0,0
Plane.006,MESH,OTHER,Plane.006,SAME_NAME_Plane,Audi e-tron GT quattro Black,OBJECT,False,False,True,"[0.0, 0.0, 0.0]","[0.0, 0.0, 0.0]","[1.0, 1.0, 1.0]",1,0,0,Material.002,Plane.006Action,0,0
Plane.007,MESH,OTHER,Plane.007,SAME_NAME_Plane,Audi e-tron GT quattro Black,OBJECT,False,False,True,"[0.0, 0.0, 0.0]","[0.0, 0.0, 0.0]","[1.0, 1.0, 1.0]",1,0,0,Material.002,Plane.007Action,0,0
Plane.008,MESH,OTHER,Plane.008,SAME_NAME_Plane,Audi e-tron GT quattro Black,OBJECT,False,False,True,"[0.0, 0.0, 0.0]","[0.0, 0.0, 0.0]","[1.0, 1.0, 1.0]",1,0,0,Material.002 | Plastic,Plane.008Action,0,0
Plane.009,MESH,OTHER,Plane.009,SAME_NAME_Plane,Audi e-tron GT quattro Black,OBJECT,False,False,True,"[0.0, 0.0, 0.0]","[0.0, 0.0, 0.0]","[1.0, 1.0, 1.0]",1,0,0,Material.002,Plane.009Action,0,0
Plane.010,MESH,OTHER,Plane.011,SAME_NAME_Plane,Audi e-tron GT quattro Black,OBJECT,False,False,True,"[0.0, 0.0, 0.0]","[0.0, 0.0, 0.0]","[1.0, 1.0, 1.0]",1,0,0,Material.002,Plane.010Action,0,0
Plane.011,MESH,OTHER,Plane.012,SAME_NAME_Plane,Audi e-tron GT quattro Black,OBJECT,False,False,True,"[0.0, 0.0, 0.0]","[0.0, 0.0, 0.0]","[1.0, 1.0, 1.0]",1,0,0,Car paint,Plane.011Action,0,0
Plane.012,MESH,OTHER,Plane.013,SAME_NAME_Plane,Audi e-tron GT quattro Black,OBJECT,False,False,True,"[0.0, 0.0, 0.0]","[0.0, 0.0, 0.0]","[1.0, 1.0, 1.0]",1,0,0,Material.002,Plane.012Action,0,0
Plane.013,MESH,OTHER,Plane.014,SAME_NAME_Plane,Audi e-tron GT quattro Black,OBJECT,False,False,True,"[0.0, 0.0, 0.0]","[0.0, 0.0, 0.0]","[1.0, 1.0, 1.0]",1,0,0,Material.002,Plane.013Action,0,0
Plane.014,MESH,OTHER,Plane.010,SAME_NAME_Plane,Audi e-tron GT quattro Black,OBJECT,False,False,True,"[0.0, 0.0, 0.0]","[0.0, 0.0, 0.0]","[1.0, 1.0, 1.0]",1,0,0,Material.002,Plane.014Action,0,0
Plane.015,MESH,OTHER,Plane.016,SAME_NAME_Plane,Audi e-tron GT quattro Black,OBJECT,False,False,True,"[0.0, 0.0, 0.0]","[0.0, 0.0, 0.0]","[1.0, 1.0, 1.0]",1,0,0,Material.002,Plane.015Action,0,0
Plane.016,MESH,OTHER,Plane.019,SAME_NAME_Plane,Audi e-tron GT quattro Black,OBJECT,False,False,True,"[0.0, 0.0, 0.0]","[0.0, 0.0, 0.0]","[1.0, 1.0, 1.0]",1,0,0,Plastic,Plane.016Action,0,0
Plane.017,MESH,OTHER,Plane.020,SAME_NAME_Plane,Audi e-tron GT quattro Black,OBJECT,False,False,True,"[0.0, 0.0, 0.0]","[0.0, 0.0, 0.0]","[1.0, 1.0, 1.0]",1,0,0,Material.002,Plane.017Action,0,0
Plane.018,MESH,OTHER,Plane.022,SAME_NAME_Plane,Audi e-tron GT quattro Black,OBJECT,False,False,True,"[0.0, 0.0, 0.0]","[0.0, 0.0, 0.0]","[1.0, 1.0, 1.0]",1,0,0,Plastic,Plane.018Action,0,0
Plane.019,MESH,OTHER,Plane.023,SAME_NAME_Plane,Audi e-tron GT quattro Black,OBJECT,False,False,True,"[0.0, 0.0, 0.0]","[0.0, 0.0, 0.0]","[1.0, 1.0, 1.0]",1,0,0,Plastic,Plane.019Action,0,0
Plane.020,MESH,OTHER,Plane.044,SAME_NAME_Plane,Audi e-tron GT quattro Black,OBJECT,False,False,True,"[0.0, 0.0, 0.0]","[0.0, 0.0, 0.0]","[1.0, 1.0, 1.0]",1,0,0,Plastic,Plane.020Action,0,0
Plane.021,MESH,OTHER,Plane.045,SAME_NAME_Plane,Audi e-tron GT quattro Black,OBJECT,False,False,True,"[0.0, 0.0, 0.0]","[0.0, 0.0, 0.0]","[1.0, 1.0, 1.0]",1,0,0,Plastic,Plane.021Action,0,0
Plane.022,MESH,CHARACTER,Plane.051,Shoes,Shoes,OBJECT,False,False,True,"[0.4448852837085724, 0.6350650191307068, 0.3217954933643341]","[3.1415927410125732, -0.0, -1.4835296869277954]","[-2.5295097827911377, -4.72477388381958, -3.182590961456299]",2,0,0,Rubber Black | Cloth Black | Cloth Black | Shoes_Metal.001 | Cloth Black | Cloth Black | Rubber Black,Plane.022Action,0,0
Plane.023,MESH,OTHER,Plane.025,PROPS,No Parking Sign,OBJECT,False,False,True,"[-5.587935669737476e-10, 1.8626451769865326e-10, 0.005405902862548828]","[0.0, -0.0, 0.0]","[1.0, 1.0, 1.0]",4,0,0,no parking_Procedural Metal 01,Plane.023Action,0,0
Plane.024,MESH,OTHER,Plane.040,SAME_NAME_Plane,Audi e-tron GT quattro Black,OBJECT,False,False,True,"[0.0, 0.0, 0.0]","[0.0, 0.0, 0.0]","[1.0, 1.0, 1.0]",1,0,0,Glass,Plane.024Action,0,0
Plane.025,MESH,OTHER,Plane.043,SAME_NAME_Plane,Audi e-tron GT quattro Black,OBJECT,False,False,True,"[0.0, 0.0, 0.0]","[0.0, 0.0, 0.0]","[1.0, 1.0, 1.0]",1,0,0,Plastic,Plane.025Action,0,0
Plane.026,MESH,OTHER,Plane.046,SAME_NAME_Plane,Audi e-tron GT quattro Black,OBJECT,False,False,True,"[0.0, 0.0, 0.0]","[0.0, 0.0, 0.0]","[1.0, 1.0, 1.0]",1,0,0,Plastic,Plane.026Action,0,0
Plane.027,MESH,OTHER,Plane.027,SAME_NAME_Plane,Audi e-tron GT quattro Black,OBJECT,False,False,True,"[0.0, 0.0, 0.0]","[0.0, 0.0, 0.0]","[1.0, 1.0, 1.0]",0,0,0,Underpart,Plane.027Action,0,0
Plane.028,MESH,OTHER,Plane.047,SAME_NAME_Plane,Audi e-tron GT quattro Black,OBJECT,False,False,True,"[0.0, 0.0, 0.0]","[0.0, 0.0, 0.0]","[1.0, 1.0, 1.0]",1,0,0,Plastic,Plane.028Action,0,0
Plane.029,MESH,OTHER,Plane.032,SAME_NAME_Plane,Cast iron sewer hatch,OBJECT,False,False,True,"[0.0, 0.0, -0.01849575899541378]","[0.0, 0.0, 0.0]","[1.0, 1.0, 1.0]",0,0,0,Material.004,Plane.029Action,0,0
Plane.030,MESH,OTHER,Plane.049,SAME_NAME_Plane,Audi e-tron GT quattro Black,OBJECT,False,False,True,"[0.0, 0.0, 0.0]","[0.0, 0.0, 0.0]","[1.0, 1.0, 1.0]",1,0,0,Plastic.001 | Material.005,Plane.030Action,0,0
Plane.031,MESH,OTHER,Plane.052,SAME_NAME_Plane,Audi e-tron GT quattro Black,OBJECT,False,False,True,"[0.0, 0.0, 0.0]","[0.0, 0.0, 0.0]","[1.0, 1.0, 1.0]",1,0,0,Plastic,Plane.031Action,0,0
Plane.032,MESH,OTHER,Plane.053,SAME_NAME_Plane,Audi e-tron GT quattro Black,OBJECT,False,False,True,"[0.0, 0.0, 0.0]","[0.0, 0.0, 0.0]","[1.0, 1.0, 1.0]",1,0,0,Plastic,Plane.032Action,0,0
Plane.033,MESH,OTHER,Plane.054,SAME_NAME_Plane,Audi e-tron GT quattro Black,OBJECT,False,False,True,"[0.0, 0.0, 0.0]","[0.0, 0.0, 0.0]","[1.0, 1.0, 1.0]",1,0,0,Car paint,Plane.033Action,0,0
Plane.034,MESH,OTHER,Plane.056,SAME_NAME_Plane,Audi e-tron GT quattro Black,OBJECT,False,False,True,"[0.0, 0.0, 0.0]","[0.0, 0.0, 0.0]","[1.0, 1.0, 1.0]",1,0,0,Material.002 | Plastic | Material.018,Plane.034Action,0,0
Plane.035,MESH,OTHER,Plane.066,SAME_NAME_Plane,Audi e-tron GT quattro Black,OBJECT,False,False,True,"[0.0, 0.0, 0.0]","[0.0, 0.0, 0.0]","[1.0, 1.0, 1.0]",1,0,0,Plastic,Plane.035Action,0,0
Plane.036,MESH,OTHER,Plane.018,SAME_NAME_Plane,Audi e-tron GT quattro Black,OBJECT,False,False,True,"[0.0, 0.0, 0.0]","[0.0, 0.0, 0.0]","[1.0, 1.0, 1.0]",1,0,0,Underpart,Plane.036Action,0,0
Plane.037,MESH,OTHER,Plane.063,SAME_NAME_Plane,Audi e-tron GT quattro Black,OBJECT,False,False,True,"[0.0, 0.0, 0.0]","[0.0, 0.0, 0.0]","[1.0, 1.0, 1.0]",1,0,0,Window,Plane.037Action,0,0
Plane.038,MESH,OTHER,Plane.061,SAME_NAME_Plane,Audi e-tron GT quattro Black,OBJECT,False,False,True,"[0.0, 0.0, 0.0]","[0.0, 0.0, 0.0]","[1.0, 1.0, 1.0]",1,0,0,Window,Plane.038Action,0,0
Plane.039,MESH,OTHER,Plane.067,SAME_NAME_Plane,Audi e-tron GT quattro Black,OBJECT,False,False,True,"[0.0, 0.0, 0.0]","[0.0, 0.0, 0.0]","[1.0, 1.0, 1.0]",0,0,0,Underpart,Plane.039Action,0,0
Plane.040,MESH,OTHER,Plane.015,SAME_NAME_Plane,Audi e-tron GT quattro Black,OBJECT,False,False,True,"[0.0, 0.0, 0.0]","[0.0, 0.0, 0.0]","[1.0, 1.0, 1.0]",0,0,0,Window Glass Cycle,Plane.040Action,0,0
Plane.041,MESH,OTHER,Plane.021,SAME_NAME_Plane,Audi e-tron GT quattro Black,OBJECT,False,False,True,"[0.0, 0.0, 0.0]","[0.0, 0.0, 0.0]","[1.0, 1.0, 1.0]",1,0,0,Underpart,Plane.041Action,0,0
Plane.042,MESH,OTHER,Plane.024,SAME_NAME_Plane,Audi e-tron GT quattro Black,OBJECT,False,False,True,"[0.0, 0.0, 0.0]","[0.0, 0.0, 0.0]","[1.0, 1.0, 1.0]",1,0,0,,Plane.042Action,0,0
Plane.043,MESH,OTHER,Plane.026,SAME_NAME_Plane,Audi e-tron GT quattro Black,OBJECT,False,False,True,"[0.0, 0.0, 0.0]","[0.0, 0.0, 0.0]","[1.0, 1.0, 1.0]",0,0,0,Material.003,Plane.043Action,0,0
Plane.045,MESH,OTHER,Plane.030,SAME_NAME_Plane,Audi e-tron GT quattro Black,OBJECT,False,False,True,"[0.0, 0.0, 0.0]","[0.0, 0.0, 0.0]","[1.0, 1.0, 1.0]",1,0,0,Material.003,Plane.045Action,0,0
Plane.047,MESH,OTHER,Plane.028,SAME_NAME_Plane,Audi e-tron GT quattro Black,OBJECT,False,False,True,"[0.0, 0.0, 0.0]","[0.0, 0.0, 0.0]","[1.0, 1.0, 1.0]",0,0,0,Material.009,Plane.047Action,0,0
Plane.048,MESH,OTHER,Plane.029,SAME_NAME_Plane,Audi e-tron GT quattro Black,OBJECT,False,False,True,"[0.0, 0.0, 0.0]","[0.0, 0.0, 0.0]","[1.0, 1.0, 1.0]",0,0,0,Material.010,Plane.048Action,0,0
Plane.049,MESH,OTHER,Plane.031,SAME_NAME_Plane,Audi e-tron GT quattro Black,OBJECT,False,False,True,"[0.0, 0.0, 0.0]","[0.0, 0.0, 0.0]","[1.0, 1.0, 1.0]",0,0,0,Material.006 | Material.007,Plane.049Action,0,0
Plane.050,MESH,OTHER,Plane.037,SAME_NAME_Plane,Audi e-tron GT quattro Black,OBJECT,False,False,True,"[0.0, 0.0, 0.0]","[0.0, 0.0, 0.0]","[1.0, 1.0, 1.0]",0,0,0,Material.008,Plane.050Action,0,0
Plane.051,MESH,OTHER,Plane.035,SAME_NAME_Plane,Audi e-tron GT quattro Black,OBJECT,False,False,True,"[0.0, 0.0, 0.0]","[0.0, 0.0, 0.0]","[1.0, 1.0, 1.0]",1,0,0,Material.008,Plane.051Action,0,0
Plane.052,MESH,OTHER,Plane.041,SAME_NAME_Plane,Audi e-tron GT quattro Black,OBJECT,False,False,True,"[0.0, 0.0, 0.0]","[0.0, 0.0, 0.0]","[1.0, 1.0, 1.0]",0,0,0,Material.008,Plane.052Action,0,0
Plane.053,MESH,OTHER,Plane.042,SAME_NAME_Plane,Audi e-tron GT quattro Black,OBJECT,False,False,True,"[0.0, 0.0, 0.0]","[0.0, 0.0, 0.0]","[1.0, 1.0, 1.0]",1,0,0,Material.009,Plane.053Action,0,0
Plane.054,MESH,OTHER,Plane.038,SAME_NAME_Plane,Audi e-tron GT quattro Black,OBJECT,False,False,True,"[0.0, 0.0, 0.0]","[0.0, 0.0, 0.0]","[1.0, 1.0, 1.0]",0,0,0,Material.007,Plane.054Action,0,0
Plane.055,MESH,OTHER,Plane.048,SAME_NAME_Plane,Audi e-tron GT quattro Black,OBJECT,False,False,True,"[0.0, 0.0, 0.0]","[0.0, 0.0, 0.0]","[1.0, 1.0, 1.0]",0,0,0,Material.008,Plane.055Action,0,0
Plane.056,MESH,OTHER,Plane.050,SAME_NAME_Plane,Audi e-tron GT quattro Black,OBJECT,False,False,True,"[0.0, 0.0, 0.0]","[0.0, 0.0, 0.0]","[1.0, 1.0, 1.0]",0,0,0,Material.014,Plane.056Action,0,0
Plane.057,MESH,OTHER,Plane.058,SAME_NAME_Plane,Audi e-tron GT quattro Black,OBJECT,False,False,True,"[0.0, 0.0, 0.0]","[0.0, 0.0, 0.0]","[1.0, 1.0, 1.0]",0,0,0,Material.017,Plane.057Action,0,0
Plane.058,MESH,OTHER,Plane.057,SAME_NAME_Plane,Audi e-tron GT quattro Black,OBJECT,False,False,True,"[0.0, 0.0, 0.0]","[0.0, 0.0, 0.0]","[1.0, 1.0, 1.0]",0,0,0,Material.015,Plane.058Action,0,0
Plane.059,MESH,OTHER,Plane.059,SAME_NAME_Plane,Audi e-tron GT quattro Black,OBJECT,False,False,True,"[0.0, 0.0, 0.0]","[0.0, 0.0, 0.0]","[1.0, 1.0, 1.0]",1,0,0,Material.016,Plane.059Action,0,0
Plane.060,MESH,OTHER,Plane.064,SAME_NAME_Plane,Audi e-tron GT quattro Black,OBJECT,False,False,True,"[0.0, 0.0, 0.0]","[0.0, 0.0, 0.0]","[1.0, 1.0, 1.0]",0,0,0,Material.015,Plane.060Action,0,0
Plane.061,MESH,OTHER,Plane.062,SAME_NAME_Plane,Audi e-tron GT quattro Black,OBJECT,False,False,True,"[0.0, 0.0, 0.0]","[0.0, 0.0, 0.0]","[1.0, 1.0, 1.0]",0,0,0,Glass.001,Plane.061Action,0,0
Plane.062,MESH,OTHER,Plane.065,SAME_NAME_Plane,Audi e-tron GT quattro Black,OBJECT,False,False,True,"[0.0, 0.0, 0.0]","[0.0, 0.0, 0.0]","[1.0, 1.0, 1.0]",1,0,0,Material.011,Plane.062Action,0,0
Plane.063,MESH,OTHER,Plane.033,SAME_NAME_Plane,Audi e-tron GT quattro Black,OBJECT,False,False,True,"[0.0, 0.0, 0.0]","[0.0, 0.0, 0.0]","[1.0, 1.0, 1.0]",0,0,0,Material.015,Plane.063Action,0,0
Plane.064,MESH,OTHER,Plane.034,SAME_NAME_Plane,Audi e-tron GT quattro Black,OBJECT,False,False,True,"[0.0, 0.0, 0.0]","[0.0, 0.0, 0.0]","[1.0, 1.0, 1.0]",0,0,0,Material.015,Plane.064Action,0,0
Plane.065,MESH,OTHER,Plane.039,SAME_NAME_Plane,Audi e-tron GT quattro Black,OBJECT,False,False,True,"[0.0, 0.0, 0.0]","[0.0, 0.0, 0.0]","[1.0, 1.0, 1.0]",0,0,0,Material.011,Plane.065Action,0,0
Plane.066,MESH,OTHER,Plane.068,SAME_NAME_Plane,Audi e-tron GT quattro Black,OBJECT,False,False,True,"[0.0, 0.0, 0.0]","[0.0, 0.0, 0.0]","[1.0, 1.0, 1.0]",0,0,0,Material.012,Plane.066Action,0,0
Plane.067,MESH,OTHER,Plane.060,SAME_NAME_Plane,Audi e-tron GT quattro Black,OBJECT,False,False,True,"[0.0, 0.0, 0.0]","[0.0, 0.0, 0.0]","[1.0, 1.0, 1.0]",0,0,0,Material.015,Plane.067Action,0,0
Plane.068,MESH,OTHER,Plane.070,SAME_NAME_Plane,Audi e-tron GT quattro Black,OBJECT,False,False,True,"[0.0, 0.0, 0.0]","[0.0, 0.0, 0.0]","[1.0, 1.0, 1.0]",0,0,0,Material.015,Plane.068Action,0,0
Plane.069,MESH,OTHER,Plane.071,SAME_NAME_Plane,Audi e-tron GT quattro Black,OBJECT,False,False,True,"[0.0, 0.0, 0.0]","[0.0, 0.0, 0.0]","[1.0, 1.0, 1.0]",0,0,0,Material.015,Plane.069Action,0,0
Plane.070,MESH,OTHER,Plane.073,SAME_NAME_Plane,Audi e-tron GT quattro Black,OBJECT,False,False,True,"[0.0, 0.0, 0.0]","[0.0, 0.0, 0.0]","[1.0, 1.0, 1.0]",0,0,0,,Plane.070Action,0,0
Plane.071,MESH,OTHER,Plane.074,SAME_NAME_Plane,Audi e-tron GT quattro Black,OBJECT,False,False,True,"[0.0, 0.0, 0.0]","[0.0, 0.0, 0.0]","[1.0, 1.0, 1.0]",0,0,0,,Plane.071Action,0,0
Plane.072,MESH,OTHER,Plane.075,SAME_NAME_Plane,Audi e-tron GT quattro Black,OBJECT,False,False,True,"[0.0, 0.0, 0.0]","[0.0, 0.0, 0.0]","[1.0, 1.0, 1.0]",0,0,0,Material.013,Plane.072Action,0,0
Plane.074,MESH,OTHER,Plane.078,SAME_NAME_Plane,Audi e-tron GT quattro Black,OBJECT,False,False,True,"[0.0, 0.0, 0.0]","[0.0, 0.0, 0.0]","[1.0, 1.0, 1.0]",1,0,0,Tires,Plane.074Action,0,0
Plane.076,MESH,OTHER,Plane.077,SAME_NAME_Plane,Audi e-tron GT quattro Black,OBJECT,False,False,True,"[0.0, 0.0, 0.0]","[0.0, 0.0, 0.0]","[1.0, 1.0, 1.0]",1,0,0,Material.002,Plane.076Action,0,0
Plane.077,MESH,OTHER,Plane.079,SAME_NAME_Plane,Audi e-tron GT quattro Black,OBJECT,False,False,True,"[0.0, 0.0, 0.0]","[0.0, 0.0, 0.0]","[1.0, 1.0, 1.0]",1,0,0,Brake2 | Bolts,Plane.077Action,0,0
R.Eye,MESH,CHARACTER,Sphere.020,Main Model,,OBJECT,False,False,True,"[-0.08250532299280167, -0.38255709409713745, 2.2692859172821045]","[-0.29433825612068176, -0.04511673003435135, -0.1959303319454193]","[0.07263506948947906, 0.04994402080774307, 0.07288359105587006]",1,0,0,Material.019,R.EyeAction,0,0
Ribbing.001,MESH,OTHER,Mesh.021,PROPS,Large Trash Can,OBJECT,False,False,True,"[0.0, 0.0, 0.0]","[0.0, 0.0, 0.0]","[1.0, 1.0, 1.0]",0,0,0,Can.002,Ribbing.001Action,0,0
Shoes,EMPTY,CHARACTER,,Shoes,,OBJECT,False,False,True,"[-0.10059821605682373, -0.6898431777954102, 0.0]","[0.0, 0.0, 2.384185791015625e-07]","[0.12018942087888718, 0.12018942087888718, 0.12018942087888718]",0,0,0,,ShoesAction,0,0
Stop sign,MESH,OTHER,Circle,PROPS,,OBJECT,False,False,True,"[-9.464717864990234, 3.741886615753174, 0.032826006412506104]","[0.0, 0.0, 0.0]","[1.0, 1.0, 1.0]",2,0,0,STOP | Metal.001,Stop signAction,0,0
Traffic Cone (Photoscanned),MESH,OTHER,Traffic Cone (Photoscanned),PROPS,,OBJECT,False,False,True,"[0.0012167692184448242, 18.62605857849121, 0.010688450187444687]","[0.0, 0.0, 0.0]","[1.6110811233520508, 1.6110811233520508, 1.6110811233520508]",1,0,0,Traffic Cone (Photoscanned),Traffic Cone (Photoscanned)Action,0,0
Utility Box (Photoscanned),MESH,OTHER,Utility Box,PROPS,,OBJECT,False,False,True,"[-12.197587013244629, 23.763023376464844, 0.06434579938650131]","[0.0, 0.0, 0.0]","[1.5171620845794678, 1.5171620845794678, 1.5171620845794678]",2,0,0,UtilityBox,Utility Box (Photoscanned)Action,0,0
V2B_OverheadAmber_0,LIGHT,CHARACTER,V2B_OverheadAmber_0_Data.001,LIGHTS_AND_REFLECTION_HELPERS,,OBJECT,False,False,True,"[-5.22226619720459, 2.649782180786133, 5.278862953186035]","[0.0, 0.0, 0.0]","[1.0, 1.0, 1.0]",0,0,0,,V2B_OverheadAmber_0Action,0,0
V2B_OverheadAmber_1,LIGHT,CHARACTER,V2B_OverheadAmber_1_Data.001,LIGHTS_AND_REFLECTION_HELPERS,,OBJECT,False,False,True,"[5.28436279296875, 2.6534018516540527, 5.278862953186035]","[0.0, -0.0, 3.1018993854522705]","[1.0, 1.0, 1.0]",0,0,0,,V2B_OverheadAmber_1Action,0,0
Volume,VOLUME,ENVIRONMENT_EFFECT,Volume,04_ENVIRONMENT_STOREFRONTS_PARKING,,OBJECT,False,False,True,"[0.00298503041267395, 90.68109893798828, 44.98980712890625]","[0.0, 0.0, 0.0]","[1.0, 1.0, 1.0]",2,0,0,Material.023,,0,0
