name,base_name,type,visible,hide_viewport,hide_render,hide_select,collections,data_name,data_users,vertices,faces,modifiers,bounds_world
177d920ddde57c74f8e1ef18863ab511,177d920ddde57c74f8e1ef18863ab511,MESH,True,False,False,False,"[""PROPS""]",177d920ddde57c74f8e1ef18863ab511,1,874,872,"[{""name"": ""Subdivision"", ""type"": ""SUBSURF"", ""show_viewport"": true, ""show_render"": true}, {""name"": ""PARKING_TO_ASPHALT_PREVIEW"", ""type"": ""SHRINKWRAP"", ""show_viewport"": true, ""show_render"": true}]","{""min"": [-11.041844, 19.156664, 1.65895], ""max"": [-10.615359, 19.183134, 2.218403], ""center"": [-10.828602, 19.169899, 1.938676], ""dimensions"": [0.426485, 0.02647, 0.559453]}"
177d920ddde57c74f8e1ef18863ab511.001,177d920ddde57c74f8e1ef18863ab511,MESH,True,False,False,False,"[""PROPS""]",177d920ddde57c74f8e1ef18863ab511.001,1,8,6,"[{""name"": ""Bevel"", ""type"": ""BEVEL"", ""show_viewport"": true, ""show_render"": true}, {""name"": ""WeightedNormal"", ""type"": ""WEIGHTED_NORMAL"", ""show_viewport"": true, ""show_render"": true}, {""name"": ""PARKING_TO_ASPHALT_PREVIEW"", ""type"": ""SHRINKWRAP"", ""show_viewport"": true, ""show_render"": true}]","{""min"": [-10.954967, 19.172756, 1.761106], ""max"": [-10.702329, 19.186621, 2.094579], ""center"": [-10.828648, 19.179688, 1.927842], ""dimensions"": [0.252639, 0.013865, 0.333473]}"
Asphalt ground,Asphalt ground,MESH,True,False,False,False,"[""ENVIRONMENT_AND_PARKING""]",remeshed_object,1,16441,16154,[],"{""min"": [-32.991898, -27.842339, -1.983292], ""max"": [37.774143, 42.473354, 1.861004], ""center"": [2.391123, 7.315508, -0.061144], ""dimensions"": [70.766037, 70.315689, 3.844296]}"
Audi e-tron GT quattro Black,Audi e-tron GT quattro Black,EMPTY,True,False,False,False,"[""IMPORTED_CAR_OR_GENERIC_ASSET_PARTS""]",,0,0,0,[],
Axle.001,Axle,MESH,True,False,False,False,"[""PROPS""]",Mesh.010,1,302,320,[],"{""min"": [-0.459885, 23.528109, 0.177011], ""max"": [0.459885, 23.561436, 0.210339], ""center"": [0.0, 23.544773, 0.193675], ""dimensions"": [0.91977, 0.033327, 0.033328]}"
Bolt,Bolt,MESH,True,False,False,False,"[""SAME_NAME_Bolt""]",Bolt,1,293,304,"[{""name"": ""Mirror"", ""type"": ""MIRROR"", ""show_viewport"": true, ""show_render"": true}, {""name"": ""Bevel"", ""type"": ""BEVEL"", ""show_viewport"": true, ""show_render"": true}, {""name"": ""WeightedNormal"", ""type"": ""WEIGHTED_NORMAL"", ""show_viewport"": true, ""show_render"": true}, {""name"": ""PARKING_TO_ASPHALT_PREVIEW"", ""type"": ""SHRINKWRAP"", ""show_viewport"": true, ""show_render"": true}]","{""min"": [-10.91116, 19.116283, 0.085297], ""max"": [-10.746137, 19.294535, 0.094608], ""center"": [-10.828648, 19.20541, 0.089952], ""dimensions"": [0.165023, 0.178251, 0.009311]}"
Bolt.001,Bolt,MESH,True,False,False,False,"[""SAME_NAME_Bolt""]",Bolt.001,1,586,608,"[{""name"": ""Bevel"", ""type"": ""BEVEL"", ""show_viewport"": true, ""show_render"": true}, {""name"": ""WeightedNormal"", ""type"": ""WEIGHTED_NORMAL"", ""show_viewport"": true, ""show_render"": true}, {""name"": ""PARKING_TO_ASPHALT_PREVIEW"", ""type"": ""SHRINKWRAP"", ""show_viewport"": true, ""show_render"": true}]","{""min"": [-10.835001, 19.217569, 1.837218], ""max"": [-10.821998, 19.228008, 2.038249], ""center"": [-10.828499, 19.22279, 1.937733], ""dimensions"": [0.013003, 0.010439, 0.20103]}"
Bolt.002,Bolt,MESH,True,False,False,False,"[""SAME_NAME_Bolt""]",Bolt.002,1,5440,5688,[],"{""min"": [-4.009386, 2.329962, 0.458209], ""max"": [0.952641, 8.073878, 0.685418], ""center"": [-1.528372, 5.20192, 0.571814], ""dimensions"": [4.962028, 5.743917, 0.227209]}"
CAM_ANIM_Close,CAM_ANIM_Close,CAMERA,False,True,True,False,"[""CAMERAS""]",CAM_ANIM_Close_Data,1,0,0,[],
CAM_ANIM_Medium,CAM_ANIM_Medium,CAMERA,False,True,True,False,"[""CAMERAS""]",CAM_ANIM_Medium_Data,1,0,0,[],
CAM_ANIM_Wide,CAM_ANIM_Wide,CAMERA,False,True,True,False,"[""CAMERAS""]",CAM_ANIM_Wide_Data,1,0,0,[],
CAM_F2_Front,CAM_F2_Front,CAMERA,True,False,False,False,"[""CAMERAS""]",CAM_F2_Front_Data,1,0,0,[],
CAM_F2_Profile,CAM_F2_Profile,CAMERA,True,False,False,False,"[""CAMERAS""]",CAM_F2_Profile_Data,1,0,0,[],
CAM_F2_ThreeQuarter,CAM_F2_ThreeQuarter,CAMERA,True,False,False,False,"[""CAMERAS""]",CAM_F2_ThreeQuarter_Data,1,0,0,[],
CAM_Hood_Front,CAM_Hood_Front,CAMERA,False,False,False,False,"[""CAMERAS""]",CAM_Hood_Front_Data,1,0,0,[],
CAM_Hood_LeftSide,CAM_Hood_LeftSide,CAMERA,False,False,False,False,"[""CAMERAS""]",CAM_Hood_LeftSide_Data,1,0,0,[],
CAM_Hood_RightSide,CAM_Hood_RightSide,CAMERA,False,False,False,False,"[""CAMERAS""]",CAM_Hood_RightSide_Data,1,0,0,[],
CAM_Hood_Top,CAM_Hood_Top,CAMERA,False,False,False,False,"[""CAMERAS""]",CAM_Hood_Top_Data,1,0,0,[],
CAM_SceneWide,CAM_SceneWide,CAMERA,True,False,False,False,"[""CAMERAS""]",CAM_SceneWide_Data,1,0,0,[],
CAM_StorefrontReflection,CAM_StorefrontReflection,CAMERA,True,False,False,False,"[""CAMERAS""]",CAM_StorefrontReflection_Data,1,0,0,[],
CAM_Target,CAM_Target,EMPTY,True,False,False,False,"[""CAMERAS""]",,0,0,0,[],
Can.001,Can,MESH,True,False,False,False,"[""PROPS""]",Mesh.014,1,11142,12327,[],"{""min"": [-0.566799, 22.604984, 0.035651], ""max"": [0.566828, 23.789631, 1.678229], ""center"": [1.4e-05, 23.197308, 0.85694], ""dimensions"": [1.133627, 1.184647, 1.642578]}"
Cargo pants,Cargo pants,MESH,True,False,False,False,"[""PANTS""]",Cargo pants,1,16507,16424,"[{""name"": ""Collision"", ""type"": ""COLLISION"", ""show_viewport"": true, ""show_render"": true}]","{""min"": [-0.42348, -0.232158, 0.221276], ""max"": [0.620876, 0.37724, 1.194326], ""center"": [0.098698, 0.072541, 0.707801], ""dimensions"": [1.044356, 0.609398, 0.97305]}"
Cast iron sewer hatch,Cast iron sewer hatch,EMPTY,True,False,False,False,"[""PROPS""]",,0,0,0,[],
Circle,Circle,MESH,True,False,False,False,"[""SAME_NAME_Circle""]",Circle.001,1,161,156,"[{""name"": ""Subdivision"", ""type"": ""SUBSURF"", ""show_viewport"": true, ""show_render"": true}]","{""min"": [-3.348525, 8.654436, 0.580134], ""max"": [-3.315588, 8.693769, 0.599432], ""center"": [-3.332057, 8.674103, 0.589783], ""dimensions"": [0.032937, 0.039333, 0.019298]}"
Circle.001,Circle,MESH,True,False,False,False,"[""SAME_NAME_Circle""]",Circle.002,1,1402,1280,"[{""name"": ""Subdivision"", ""type"": ""SUBSURF"", ""show_viewport"": true, ""show_render"": true}, {""name"": ""WeightedNormal"", ""type"": ""WEIGHTED_NORMAL"", ""show_viewport"": true, ""show_render"": true}]","{""min"": [-3.502127, 8.550106, 0.897922], ""max"": [-3.149012, 8.774282, 1.015082], ""center"": [-3.325569, 8.662193, 0.956502], ""dimensions"": [0.353115, 0.224175, 0.11716]}"
Circle.002,Circle,MESH,True,False,False,False,"[""SAME_NAME_Circle""]",Circle.006,1,4324,4282,"[{""name"": ""Subdivision"", ""type"": ""SUBSURF"", ""show_viewport"": true, ""show_render"": true}]","{""min"": [-3.282725, 6.007515, 1.386014], ""max"": [-1.222831, 7.366506, 1.522512], ""center"": [-2.252779, 6.687011, 1.454263], ""dimensions"": [2.059894, 1.35899, 0.136498]}"
Circle.003,Circle,MESH,True,False,False,False,"[""SAME_NAME_Circle""]",Circle.007,1,24792,20464,"[{""name"": ""Smooth by Angle"", ""type"": ""NODES"", ""show_viewport"": true, ""show_render"": true}]","{""min"": [-4.068943, 2.155668, 0.2451], ""max"": [1.014072, 8.244566, 0.918895], ""center"": [-1.527435, 5.200117, 0.581997], ""dimensions"": [5.083015, 6.088898, 0.673795]}"
Circle.006,Circle,MESH,True,False,False,False,"[""SAME_NAME_Circle""]",Circle.014,1,1408,1280,"[{""name"": ""Subdivision"", ""type"": ""SUBSURF"", ""show_viewport"": true, ""show_render"": true}, {""name"": ""WeightedNormal"", ""type"": ""WEIGHTED_NORMAL"", ""show_viewport"": true, ""show_render"": true}]","{""min"": [0.105091, 1.674089, 1.39533], ""max"": [0.403846, 1.879163, 1.473909], ""center"": [0.254469, 1.776626, 1.434619], ""dimensions"": [0.298755, 0.205074, 0.078579]}"
Circle.007,Circle,MESH,True,False,False,False,"[""SAME_NAME_Circle""]",Circle.013,1,690,624,"[{""name"": ""WeightedNormal"", ""type"": ""WEIGHTED_NORMAL"", ""show_viewport"": true, ""show_render"": true}]","{""min"": [-3.512757, 8.400813, 0.895987], ""max"": [-3.059455, 8.771642, 1.034407], ""center"": [-3.286106, 8.586227, 0.965197], ""dimensions"": [0.453302, 0.370829, 0.13842]}"
Circle.009,Circle,MESH,True,False,False,False,"[""SAME_NAME_Circle""]",Circle.016,1,23528,24192,"[{""name"": ""Subdivision"", ""type"": ""SUBSURF"", ""show_viewport"": true, ""show_render"": true}]","{""min"": [-4.213433, 1.97403, 0.08552], ""max"": [1.159382, 8.424627, 1.080667], ""center"": [-1.527025, 5.199328, 0.583093], ""dimensions"": [5.372815, 6.450598, 0.995147]}"
Circle.011,Circle,MESH,True,False,False,False,"[""SAME_NAME_Circle""]",Circle.018,1,5632,5120,"[{""name"": ""Subdivision"", ""type"": ""SUBSURF"", ""show_viewport"": true, ""show_render"": true}]","{""min"": [-3.979733, 2.389325, 0.561876], ""max"": [0.923437, 8.013652, 0.598556], ""center"": [-1.528148, 5.201488, 0.580216], ""dimensions"": [4.90317, 5.624327, 0.036681]}"
Cylinder,Cylinder,MESH,True,False,False,False,"[""PROPS""]",Cylinder.002,1,60,51,"[{""name"": ""Subdivision"", ""type"": ""SUBSURF"", ""show_viewport"": true, ""show_render"": true}, {""name"": ""WeightedNormal"", ""type"": ""WEIGHTED_NORMAL"", ""show_viewport"": true, ""show_render"": true}, {""name"": ""PARKING_TO_ASPHALT_PREVIEW"", ""type"": ""SHRINKWRAP"", ""show_viewport"": true, ""show_render"": true}]","{""min"": [-10.852047, 19.182001, 0.076216], ""max"": [-10.80525, 19.228815, 2.065516], ""center"": [-10.828649, 19.205408, 1.070866], ""dimensions"": [0.046797, 0.046814, 1.989299]}"
DIAG_CURRENT_FULL_3Q,DIAG_CURRENT_FULL_3Q,CAMERA,True,False,False,False,"[""Scene Collection""]",DIAG_CURRENT_FULL_3Q_Data,1,0,0,[],
DIAG_CURRENT_FULL_FRONT,DIAG_CURRENT_FULL_FRONT,CAMERA,True,False,False,False,"[""Scene Collection""]",DIAG_CURRENT_FULL_FRONT_Data,1,0,0,[],
DIAG_CURRENT_HOOD_TOP,DIAG_CURRENT_HOOD_TOP,CAMERA,True,False,False,False,"[""Scene Collection""]",DIAG_CURRENT_HOOD_TOP_Data,1,0,0,[],
DIAG_CURRENT_LEFT_ARMPIT,DIAG_CURRENT_LEFT_ARMPIT,CAMERA,True,False,False,False,"[""Scene Collection""]",DIAG_CURRENT_LEFT_ARMPIT_Data,1,0,0,[],
DIAG_CURRENT_RIGHT_ARMPIT,DIAG_CURRENT_RIGHT_ARMPIT,CAMERA,True,False,False,False,"[""Scene Collection""]",DIAG_CURRENT_RIGHT_ARMPIT_Data,1,0,0,[],
F2,F2,MESH,True,False,False,False,"[""Main Model""]",Meshy_Left_Standing_Candidate.006,2,33625,63717,[],"{""min"": [-0.967927, -0.399883, 0.397306], ""max"": [1.195227, 0.347408, 2.561233], ""center"": [0.11365, -0.026238, 1.479269], ""dimensions"": [2.163155, 0.747291, 2.163927]}"
F2.001,F2,MESH,False,True,True,False,"[""Main Model""]",Meshy_Left_Standing_Candidate.006,2,33625,63717,[],"{""min"": [-0.999551, -0.002256, -0.232987], ""max"": [0.0, 0.637435, 0.110274], ""center"": [-0.499776, 0.317589, -0.061357], ""dimensions"": [0.999551, 0.639691, 0.343261]}"
FINAL_ORBIT_RIG,FINAL_ORBIT_RIG,EMPTY,True,False,False,False,"[""07_CAMERAS""]",,0,0,0,[],
FX_ReflectCard_Green_01,FX_ReflectCard_Green_01,MESH,True,False,False,False,"[""LIGHTS_AND_REFLECTION_HELPERS""]",FX_ReflectCard_Green_01_Mesh.001,1,33,1,[],"{""min"": [5.209022, -1.046946, 2.465971], ""max"": [5.429022, -0.826946, 2.465971], ""center"": [5.319022, -0.936946, 2.465971], ""dimensions"": [0.22, 0.22, 0.0]}"
FX_ReflectCard_Green_02,FX_ReflectCard_Green_02,MESH,True,False,False,False,"[""LIGHTS_AND_REFLECTION_HELPERS""]",FX_ReflectCard_Green_02_Mesh.001,1,33,1,[],"{""min"": [4.021555, -1.026946, 1.951001], ""max"": [4.161556, -0.886946, 1.951001], ""center"": [4.091556, -0.956946, 1.951001], ""dimensions"": [0.14, 0.14, 0.0]}"
FX_ReflectCard_Red_01,FX_ReflectCard_Red_01,MESH,True,False,False,False,"[""LIGHTS_AND_REFLECTION_HELPERS""]",FX_ReflectCard_Red_01_Mesh.001,1,33,1,[],"{""min"": [-5.838178, -1.046946, 2.505584], ""max"": [-5.618177, -0.826946, 2.505584], ""center"": [-5.728178, -0.936946, 2.505584], ""dimensions"": [0.22, 0.22, 0.0]}"
FX_ReflectCard_Red_02,FX_ReflectCard_Red_02,MESH,True,False,False,False,"[""LIGHTS_AND_REFLECTION_HELPERS""]",FX_ReflectCard_Red_02_Mesh.001,1,33,1,[],"{""min"": [-4.570711, -1.026946, 1.990614], ""max"": [-4.430711, -0.886946, 1.990614], ""center"": [-4.500711, -0.956946, 1.990614], ""dimensions"": [0.14, 0.14, 0.0]}"
FX_ReflectCard_Yellow_01,FX_ReflectCard_Yellow_01,MESH,True,False,False,False,"[""LIGHTS_AND_REFLECTION_HELPERS""]",FX_ReflectCard_Yellow_01_Mesh.001,1,33,1,[],"{""min"": [-0.1, -1.036946, 2.426358], ""max"": [0.1, -0.836946, 2.426358], ""center"": [0.0, -0.936946, 2.426358], ""dimensions"": [0.2, 0.2, 0.0]}"
FX_ReflectCard_Yellow_02,FX_ReflectCard_Yellow_02,MESH,True,False,False,False,"[""LIGHTS_AND_REFLECTION_HELPERS""]",FX_ReflectCard_Yellow_02_Mesh.001,1,33,1,[],"{""min"": [1.162467, -1.021946, 1.871775], ""max"": [1.292467, -0.891946, 1.871775], ""center"": [1.227467, -0.956946, 1.871775], ""dimensions"": [0.13, 0.13, 0.0]}"
FX_TrafficLight_Green,FX_TrafficLight_Green,LIGHT,False,False,False,False,"[""LIGHTS_AND_REFLECTION_HELPERS""]",FX_TrafficLight_Green_Data,1,0,0,[],
FX_TrafficLight_Red,FX_TrafficLight_Red,LIGHT,False,False,False,False,"[""LIGHTS_AND_REFLECTION_HELPERS""]",FX_TrafficLight_Red_Data,1,0,0,[],
FX_TrafficLight_Yellow,FX_TrafficLight_Yellow,LIGHT,False,False,False,False,"[""LIGHTS_AND_REFLECTION_HELPERS""]",FX_TrafficLight_Yellow_Data,1,0,0,[],
Handlebars.001,Handlebars,MESH,True,False,False,False,"[""PROPS""]",Mesh.015,1,4352,4791,[],"{""min"": [-0.344352, 23.715376, 1.512968], ""max"": [0.344468, 23.911913, 1.724033], ""center"": [5.8e-05, 23.813644, 1.6185], ""dimensions"": [0.68882, 0.196537, 0.211064]}"
HERO_CarAmberHoodRead,HERO_CarAmberHoodRead,LIGHT,True,False,False,False,"[""LIGHTS_AND_REFLECTION_HELPERS""]",HERO_CarAmberHoodRead_Data,1,0,0,[],
HERO_CarAmberRoofRead,HERO_CarAmberRoofRead,LIGHT,True,False,False,False,"[""LIGHTS_AND_REFLECTION_HELPERS""]",HERO_CarAmberRoofRead_Data,1,0,0,[],
HERO_CarWarmSideGlint,HERO_CarWarmSideGlint,LIGHT,True,False,False,False,"[""LIGHTS_AND_REFLECTION_HELPERS""]",HERO_CarWarmSideGlint_Data,1,0,0,[],
HERO_Curb_VerticalFace,HERO_Curb_VerticalFace,MESH,True,False,False,False,"[""ENVIRONMENT_AND_PARKING""]",Cube.196,1,8,6,"[{""name"": ""Bevel"", ""type"": ""BEVEL"", ""show_viewport"": true, ""show_render"": true}, {""name"": ""WeightedNormals"", ""type"": ""WEIGHTED_NORMAL"", ""show_viewport"": true, ""show_render"": true}]","{""min"": [-13.453507, 18.87118, -0.123194], ""max"": [13.453507, 19.062601, 0.059548], ""center"": [0.0, 18.96689, -0.031823], ""dimensions"": [26.907015, 0.191422, 0.182741]}"
HERO_CyanUnderglow_Area,HERO_CyanUnderglow_Area,LIGHT,True,False,False,False,"[""LIGHTS_AND_REFLECTION_HELPERS""]",HERO_CyanUnderglow_Area_Data,1,0,0,[],
HERO_DoubleDoor_CenterMeet_1,HERO_DoubleDoor_CenterMeet_1,MESH,True,False,False,False,"[""ENVIRONMENT_AND_PARKING""]",Cube.175,1,8,6,"[{""name"": ""Bevel"", ""type"": ""BEVEL"", ""show_viewport"": true, ""show_render"": true}, {""name"": ""WeightedNormals"", ""type"": ""WEIGHTED_NORMAL"", ""show_viewport"": true, ""show_render"": true}]","{""min"": [-2.731287, 23.747, 0.06], ""max"": [-2.696287, 23.877001, 3.304301], ""center"": [-2.713787, 23.812, 1.682151], ""dimensions"": [0.035, 0.130001, 3.244301]}"
HERO_DoubleDoor_CenterMeet_2,HERO_DoubleDoor_CenterMeet_2,MESH,True,False,False,False,"[""ENVIRONMENT_AND_PARKING""]",Cube.183,1,8,6,"[{""name"": ""Bevel"", ""type"": ""BEVEL"", ""show_viewport"": true, ""show_render"": true}, {""name"": ""WeightedNormals"", ""type"": ""WEIGHTED_NORMAL"", ""show_viewport"": true, ""show_render"": true}]","{""min"": [2.696287, 23.747, 0.06], ""max"": [2.731287, 23.877001, 3.304301], ""center"": [2.713787, 23.812, 1.682151], ""dimensions"": [0.035, 0.130001, 3.244301]}"
HERO_DoubleDoor_LeftSide_1,HERO_DoubleDoor_LeftSide_1,MESH,True,False,False,False,"[""ENVIRONMENT_AND_PARKING""]",Cube.174,1,8,6,"[{""name"": ""Bevel"", ""type"": ""BEVEL"", ""show_viewport"": true, ""show_render"": true}, {""name"": ""WeightedNormals"", ""type"": ""WEIGHTED_NORMAL"", ""show_viewport"": true, ""show_render"": true}]","{""min"": [-4.150806, 23.752501, 0.06], ""max"": [-4.115806, 23.877501, 3.304301], ""center"": [-4.133306, 23.815001, 1.682151], ""dimensions"": [0.035, 0.125, 3.244301]}"
HERO_DoubleDoor_LeftSide_2,HERO_DoubleDoor_LeftSide_2,MESH,True,False,False,False,"[""ENVIRONMENT_AND_PARKING""]",Cube.182,1,8,6,"[{""name"": ""Bevel"", ""type"": ""BEVEL"", ""show_viewport"": true, ""show_render"": true}, {""name"": ""WeightedNormals"", ""type"": ""WEIGHTED_NORMAL"", ""show_viewport"": true, ""show_render"": true}]","{""min"": [1.276767, 23.752501, 0.06], ""max"": [1.311768, 23.877501, 3.304301], ""center"": [1.294268, 23.815001, 1.682151], ""dimensions"": [0.035, 0.125, 3.244301]}"
HERO_DoubleDoor_RightSide_1,HERO_DoubleDoor_RightSide_1,MESH,True,False,False,False,"[""ENVIRONMENT_AND_PARKING""]",Cube.176,1,8,6,"[{""name"": ""Bevel"", ""type"": ""BEVEL"", ""show_viewport"": true, ""show_render"": true}, {""name"": ""WeightedNormals"", ""type"": ""WEIGHTED_NORMAL"", ""show_viewport"": true, ""show_render"": true}]","{""min"": [-1.311768, 23.752501, 0.06], ""max"": [-1.276767, 23.877501, 3.304301], ""center"": [-1.294268, 23.815001, 1.682151], ""dimensions"": [0.035, 0.125, 3.244301]}"
HERO_DoubleDoor_RightSide_2,HERO_DoubleDoor_RightSide_2,MESH,True,False,False,False,"[""ENVIRONMENT_AND_PARKING""]",Cube.184,1,8,6,"[{""name"": ""Bevel"", ""type"": ""BEVEL"", ""show_viewport"": true, ""show_render"": true}, {""name"": ""WeightedNormals"", ""type"": ""WEIGHTED_NORMAL"", ""show_viewport"": true, ""show_render"": true}]","{""min"": [4.115806, 23.752501, 0.06], ""max"": [4.150806, 23.877501, 3.304301], ""center"": [4.133306, 23.815001, 1.682151], ""dimensions"": [0.035, 0.125, 3.244301]}"
HERO_DoubleDoor_TopFrame_1,HERO_DoubleDoor_TopFrame_1,MESH,True,False,False,False,"[""ENVIRONMENT_AND_PARKING""]",Cube.177,1,8,6,"[{""name"": ""Bevel"", ""type"": ""BEVEL"", ""show_viewport"": true, ""show_render"": true}, {""name"": ""WeightedNormals"", ""type"": ""WEIGHTED_NORMAL"", ""show_viewport"": true, ""show_render"": true}]","{""min"": [-4.133306, 23.747, 3.286801], ""max"": [-1.294268, 23.877001, 3.321801], ""center"": [-2.713787, 23.812, 3.304301], ""dimensions"": [2.839038, 0.130001, 0.035]}"
HERO_DoubleDoor_TopFrame_2,HERO_DoubleDoor_TopFrame_2,MESH,True,False,False,False,"[""ENVIRONMENT_AND_PARKING""]",Cube.185,1,8,6,"[{""name"": ""Bevel"", ""type"": ""BEVEL"", ""show_viewport"": true, ""show_render"": true}, {""name"": ""WeightedNormals"", ""type"": ""WEIGHTED_NORMAL"", ""show_viewport"": true, ""show_render"": true}]","{""min"": [1.294268, 23.747, 3.286801], ""max"": [4.133306, 23.877001, 3.321801], ""center"": [2.713787, 23.812, 3.304301], ""dimensions"": [2.839038, 0.130001, 0.035]}"
HERO_GlassStorefront_Bay_0,HERO_GlassStorefront_Bay_0,MESH,True,False,False,False,"[""ENVIRONMENT_AND_PARKING""]",Cube.112,1,8,6,"[{""name"": ""Bevel"", ""type"": ""BEVEL"", ""show_viewport"": true, ""show_render"": true}, {""name"": ""WeightedNormals"", ""type"": ""WEIGHTED_NORMAL"", ""show_viewport"": true, ""show_render"": true}]","{""min"": [-10.228889, 23.852001, 0.06], ""max"": [-6.053832, 23.888, 3.931653], ""center"": [-8.14136, 23.870001, 1.995826], ""dimensions"": [4.175056, 0.035999, 3.871653]}"
HERO_GlassStorefront_Bay_1,HERO_GlassStorefront_Bay_1,MESH,True,False,False,False,"[""ENVIRONMENT_AND_PARKING""]",Cube.170,1,8,6,"[{""name"": ""Bevel"", ""type"": ""BEVEL"", ""show_viewport"": true, ""show_render"": true}, {""name"": ""WeightedNormals"", ""type"": ""WEIGHTED_NORMAL"", ""show_viewport"": true, ""show_render"": true}]","{""min"": [-4.801315, 23.852001, 0.06], ""max"": [-0.626259, 23.888, 3.931653], ""center"": [-2.713787, 23.870001, 1.995826], ""dimensions"": [4.175056, 0.035999, 3.871653]}"
HERO_GlassStorefront_Bay_2,HERO_GlassStorefront_Bay_2,MESH,True,False,False,False,"[""ENVIRONMENT_AND_PARKING""]",Cube.178,1,8,6,"[{""name"": ""Bevel"", ""type"": ""BEVEL"", ""show_viewport"": true, ""show_render"": true}, {""name"": ""WeightedNormals"", ""type"": ""WEIGHTED_NORMAL"", ""show_viewport"": true, ""show_render"": true}]","{""min"": [0.626259, 23.852001, 0.06], ""max"": [4.801315, 23.888, 3.931653], ""center"": [2.713787, 23.870001, 1.995826], ""dimensions"": [4.175056, 0.035999, 3.871653]}"
HERO_GlassStorefront_Bay_3,HERO_GlassStorefront_Bay_3,MESH,True,False,False,False,"[""ENVIRONMENT_AND_PARKING""]",Cube.186,1,8,6,"[{""name"": ""Bevel"", ""type"": ""BEVEL"", ""show_viewport"": true, ""show_render"": true}, {""name"": ""WeightedNormals"", ""type"": ""WEIGHTED_NORMAL"", ""show_viewport"": true, ""show_render"": true}]","{""min"": [6.053832, 23.852001, 0.06], ""max"": [10.228889, 23.888, 3.931653], ""center"": [8.14136, 23.870001, 1.995826], ""dimensions"": [4.175056, 0.035999, 3.871653]}"
HERO_HParking_CenterSpine,HERO_HParking_CenterSpine,MESH,True,False,False,False,"[""ENVIRONMENT_AND_PARKING""]",Cube.222,1,8,6,[],"{""min"": [-9.254709, 2.6125, 0.003], ""max"": [9.254709, 2.6875, 0.003], ""center"": [0.0, 2.65, 0.003], ""dimensions"": [18.509418, 0.075, 0.0]}"
HERO_HParking_Row0_Divider_0,HERO_HParking_Row0_Divider_0,MESH,True,False,False,False,"[""ENVIRONMENT_AND_PARKING""]",Cube.206,1,8,6,[],"{""min"": [-9.29221, -0.583529, 0.003], ""max"": [-9.217209, 2.883528, 0.003], ""center"": [-9.254709, 1.15, 0.003], ""dimensions"": [0.075001, 3.467057, 0.0]}"
HERO_HParking_Row0_Divider_1,HERO_HParking_Row0_Divider_1,MESH,True,False,False,False,"[""ENVIRONMENT_AND_PARKING""]",Cube.207,1,8,6,[],"{""min"": [-6.648006, -0.583529, 0.003], ""max"": [-6.573007, 2.883528, 0.003], ""center"": [-6.610507, 1.15, 0.003], ""dimensions"": [0.075, 3.467057, 0.0]}"
HERO_HParking_Row0_Divider_2,HERO_HParking_Row0_Divider_2,MESH,True,False,False,False,"[""ENVIRONMENT_AND_PARKING""]",Cube.208,1,8,6,[],"{""min"": [-4.003804, -0.583529, 0.003], ""max"": [-3.928804, 2.883528, 0.003], ""center"": [-3.966304, 1.15, 0.003], ""dimensions"": [0.075, 3.467057, 0.0]}"
HERO_HParking_Row0_Divider_3,HERO_HParking_Row0_Divider_3,MESH,True,False,False,False,"[""ENVIRONMENT_AND_PARKING""]",Cube.209,1,8,6,[],"{""min"": [-1.359601, -0.583529, 0.003], ""max"": [-1.284601, 2.883528, 0.003], ""center"": [-1.322101, 1.15, 0.003], ""dimensions"": [0.075, 3.467057, 0.0]}"
HERO_HParking_Row0_Divider_4,HERO_HParking_Row0_Divider_4,MESH,True,False,False,False,"[""ENVIRONMENT_AND_PARKING""]",Cube.210,1,8,6,[],"{""min"": [1.284601, -0.583529, 0.003], ""max"": [1.359601, 2.883528, 0.003], ""center"": [1.322101, 1.15, 0.003], ""dimensions"": [0.075, 3.467057, 0.0]}"
HERO_HParking_Row0_Divider_5,HERO_HParking_Row0_Divider_5,MESH,True,False,False,False,"[""ENVIRONMENT_AND_PARKING""]",Cube.211,1,8,6,[],"{""min"": [3.928804, -0.583529, 0.003], ""max"": [4.003804, 2.883528, 0.003], ""center"": [3.966304, 1.15, 0.003], ""dimensions"": [0.075, 3.467057, 0.0]}"
HERO_HParking_Row0_Divider_6,HERO_HParking_Row0_Divider_6,MESH,True,False,False,False,"[""ENVIRONMENT_AND_PARKING""]",Cube.212,1,8,6,[],"{""min"": [6.573007, -0.583529, 0.003], ""max"": [6.648006, 2.883528, 0.003], ""center"": [6.610507, 1.15, 0.003], ""dimensions"": [0.075, 3.467057, 0.0]}"
HERO_HParking_Row0_Divider_7,HERO_HParking_Row0_Divider_7,MESH,True,False,False,False,"[""ENVIRONMENT_AND_PARKING""]",Cube.213,1,8,6,[],"{""min"": [9.217209, -0.583529, 0.003], ""max"": [9.29221, 2.883528, 0.003], ""center"": [9.254709, 1.15, 0.003], ""dimensions"": [0.075001, 3.467057, 0.0]}"
HERO_HParking_Row1_Divider_0,HERO_HParking_Row1_Divider_0,MESH,True,False,False,False,"[""ENVIRONMENT_AND_PARKING""]",Cube.214,1,8,6,[],"{""min"": [-9.29221, 2.416471, 0.003], ""max"": [-9.217209, 5.883529, 0.003], ""center"": [-9.254709, 4.15, 0.003], ""dimensions"": [0.075001, 3.467057, 0.0]}"
HERO_HParking_Row1_Divider_1,HERO_HParking_Row1_Divider_1,MESH,True,False,False,False,"[""ENVIRONMENT_AND_PARKING""]",Cube.215,1,8,6,[],"{""min"": [-6.648006, 2.416471, 0.003], ""max"": [-6.573007, 5.883529, 0.003], ""center"": [-6.610507, 4.15, 0.003], ""dimensions"": [0.075, 3.467057, 0.0]}"
HERO_HParking_Row1_Divider_2,HERO_HParking_Row1_Divider_2,MESH,True,False,False,False,"[""ENVIRONMENT_AND_PARKING""]",Cube.216,1,8,6,[],"{""min"": [-4.003804, 2.416471, 0.003], ""max"": [-3.928804, 5.883529, 0.003], ""center"": [-3.966304, 4.15, 0.003], ""dimensions"": [0.075, 3.467057, 0.0]}"
HERO_HParking_Row1_Divider_3,HERO_HParking_Row1_Divider_3,MESH,True,False,False,False,"[""ENVIRONMENT_AND_PARKING""]",Cube.217,1,8,6,[],"{""min"": [-1.359601, 2.416471, 0.003], ""max"": [-1.284601, 5.883529, 0.003], ""center"": [-1.322101, 4.15, 0.003], ""dimensions"": [0.075, 3.467057, 0.0]}"
HERO_HParking_Row1_Divider_4,HERO_HParking_Row1_Divider_4,MESH,True,False,False,False,"[""ENVIRONMENT_AND_PARKING""]",Cube.218,1,8,6,[],"{""min"": [1.284601, 2.416471, 0.003], ""max"": [1.359601, 5.883529, 0.003], ""center"": [1.322101, 4.15, 0.003], ""dimensions"": [0.075, 3.467057, 0.0]}"
HERO_HParking_Row1_Divider_5,HERO_HParking_Row1_Divider_5,MESH,True,False,False,False,"[""ENVIRONMENT_AND_PARKING""]",Cube.219,1,8,6,[],"{""min"": [3.928804, 2.416471, 0.003], ""max"": [4.003804, 5.883529, 0.003], ""center"": [3.966304, 4.15, 0.003], ""dimensions"": [0.075, 3.467057, 0.0]}"
HERO_HParking_Row1_Divider_6,HERO_HParking_Row1_Divider_6,MESH,True,False,False,False,"[""ENVIRONMENT_AND_PARKING""]",Cube.220,1,8,6,[],"{""min"": [6.573007, 2.416471, 0.003], ""max"": [6.648006, 5.883529, 0.003], ""center"": [6.610507, 4.15, 0.003], ""dimensions"": [0.075, 3.467057, 0.0]}"
HERO_HParking_Row1_Divider_7,HERO_HParking_Row1_Divider_7,MESH,True,False,False,False,"[""ENVIRONMENT_AND_PARKING""]",Cube.221,1,8,6,[],"{""min"": [9.217209, 2.416471, 0.003], ""max"": [9.29221, 5.883529, 0.003], ""center"": [9.254709, 4.15, 0.003], ""dimensions"": [0.075001, 3.467057, 0.0]}"
HERO_LampArm_0,HERO_LampArm_0,MESH,True,False,False,False,"[""LIGHTS_AND_REFLECTION_HELPERS""]",Cylinder.017,1,36,20,[],"{""min"": [-5.247871, 2.009782, 5.252863], ""max"": [-5.196661, 2.649782, 5.304863], ""center"": [-5.222266, 2.329782, 5.278863], ""dimensions"": [0.05121, 0.64, 0.052]}"
HERO_LampArm_1,HERO_LampArm_1,MESH,True,False,False,False,"[""LIGHTS_AND_REFLECTION_HELPERS""]",Cylinder.019,1,36,20,[],"{""min"": [5.233381, 2.01289, 5.252863], ""max"": [5.309947, 2.654418, 5.304863], ""center"": [5.271664, 2.333654, 5.278863], ""dimensions"": [0.076567, 0.641528, 0.052]}"
HERO_LampFixture_0,HERO_LampFixture_0,MESH,True,False,False,False,"[""LIGHTS_AND_REFLECTION_HELPERS""]",Cube.223,1,8,6,"[{""name"": ""Bevel"", ""type"": ""BEVEL"", ""show_viewport"": true, ""show_render"": true}, {""name"": ""WeightedNormals"", ""type"": ""WEIGHTED_NORMAL"", ""show_viewport"": true, ""show_render"": true}]","{""min"": [-5.642266, 1.819782, 5.218863], ""max"": [-4.802266, 2.159782, 5.338863], ""center"": [-5.222266, 1.989782, 5.278863], ""dimensions"": [0.84, 0.34, 0.12]}"
HERO_LampFixture_1,HERO_LampFixture_1,MESH,True,False,False,False,"[""LIGHTS_AND_REFLECTION_HELPERS""]",Cube.225,1,8,6,"[{""name"": ""Bevel"", ""type"": ""BEVEL"", ""show_viewport"": true, ""show_render"": true}, {""name"": ""WeightedNormals"", ""type"": ""WEIGHTED_NORMAL"", ""show_viewport"": true, ""show_render"": true}]","{""min"": [4.831757, 1.807388, 5.218863], ""max"": [5.684587, 2.180454, 5.338863], ""center"": [5.258172, 1.993921, 5.278863], ""dimensions"": [0.852831, 0.373066, 0.12]}"
HERO_LampGlass_0,HERO_LampGlass_0,MESH,True,False,False,False,"[""LIGHTS_AND_REFLECTION_HELPERS""]",Cube.224,1,8,6,"[{""name"": ""Bevel"", ""type"": ""BEVEL"", ""show_viewport"": true, ""show_render"": true}, {""name"": ""WeightedNormals"", ""type"": ""WEIGHTED_NORMAL"", ""show_viewport"": true, ""show_render"": true}]","{""min"": [-5.582266, 1.859782, 5.224863], ""max"": [-4.862266, 2.119782, 5.252863], ""center"": [-5.222266, 1.989782, 5.238863], ""dimensions"": [0.72, 0.26, 0.028]}"
HERO_LampGlass_1,HERO_LampGlass_1,MESH,True,False,False,False,"[""LIGHTS_AND_REFLECTION_HELPERS""]",Cube.226,1,8,6,"[{""name"": ""Bevel"", ""type"": ""BEVEL"", ""show_viewport"": true, ""show_render"": true}, {""name"": ""WeightedNormals"", ""type"": ""WEIGHTED_NORMAL"", ""show_viewport"": true, ""show_render"": true}]","{""min"": [4.893297, 1.849738, 5.224863], ""max"": [5.623047, 2.138105, 5.252863], ""center"": [5.258172, 1.993921, 5.238863], ""dimensions"": [0.729751, 0.288367, 0.028]}"
HERO_LampPole_0,HERO_LampPole_0,MESH,True,False,False,False,"[""LIGHTS_AND_REFLECTION_HELPERS""]",Cylinder.016,1,56,30,[],"{""min"": [-5.267266, 2.604782, 0.0], ""max"": [-5.177266, 2.694782, 5.278863], ""center"": [-5.222266, 2.649782, 2.639431], ""dimensions"": [0.09, 0.09, 5.278863]}"
HERO_LampPole_1,HERO_LampPole_1,MESH,True,False,False,False,"[""LIGHTS_AND_REFLECTION_HELPERS""]",Cylinder.018,1,56,30,[],"{""min"": [5.237613, 2.606652, 0.0], ""max"": [5.331113, 2.700152, 5.278863], ""center"": [5.284363, 2.653402, 2.639431], ""dimensions"": [0.0935, 0.093501, 5.278863]}"
HERO_Rooftop_HVAC_0,HERO_Rooftop_HVAC_0,MESH,True,False,False,False,"[""ENVIRONMENT_AND_PARKING""]",Cube.191,1,8,6,"[{""name"": ""Bevel"", ""type"": ""BEVEL"", ""show_viewport"": true, ""show_render"": true}, {""name"": ""WeightedNormals"", ""type"": ""WEIGHTED_NORMAL"", ""show_viewport"": true, ""show_render"": true}]","{""min"": [-8.750918, 26.76, 6.158673], ""max"": [-7.63757, 27.24, 6.488603], ""center"": [-8.194244, 27.0, 6.323638], ""dimensions"": [1.113348, 0.48, 0.329929]}"
HERO_Rooftop_HVAC_1,HERO_Rooftop_HVAC_1,MESH,True,False,False,False,"[""ENVIRONMENT_AND_PARKING""]",Cube.192,1,8,6,"[{""name"": ""Bevel"", ""type"": ""BEVEL"", ""show_viewport"": true, ""show_render"": true}, {""name"": ""WeightedNormals"", ""type"": ""WEIGHTED_NORMAL"", ""show_viewport"": true, ""show_render"": true}]","{""min"": [-3.117376, 26.76, 6.158673], ""max"": [-2.004027, 27.24, 6.488603], ""center"": [-2.560701, 27.0, 6.323638], ""dimensions"": [1.113348, 0.48, 0.329929]}"
HERO_Rooftop_HVAC_2,HERO_Rooftop_HVAC_2,MESH,True,False,False,False,"[""ENVIRONMENT_AND_PARKING""]",Cube.193,1,8,6,"[{""name"": ""Bevel"", ""type"": ""BEVEL"", ""show_viewport"": true, ""show_render"": true}, {""name"": ""WeightedNormals"", ""type"": ""WEIGHTED_NORMAL"", ""show_viewport"": true, ""show_render"": true}]","{""min"": [2.516167, 26.76, 6.158673], ""max"": [3.629516, 27.24, 6.488603], ""center"": [3.072842, 27.0, 6.323638], ""dimensions"": [1.113348, 0.48, 0.329929]}"
HERO_Rooftop_HVAC_3,HERO_Rooftop_HVAC_3,MESH,True,False,False,False,"[""ENVIRONMENT_AND_PARKING""]",Cube.194,1,8,6,"[{""name"": ""Bevel"", ""type"": ""BEVEL"", ""show_viewport"": true, ""show_render"": true}, {""name"": ""WeightedNormals"", ""type"": ""WEIGHTED_NORMAL"", ""show_viewport"": true, ""show_render"": true}]","{""min"": [8.149711, 26.76, 6.158673], ""max"": [9.263059, 27.24, 6.488603], ""center"": [8.706385, 27.0, 6.323638], ""dimensions"": [1.113348, 0.48, 0.329929]}"
HERO_Rooftop_Vent_0,HERO_Rooftop_Vent_0,MESH,True,False,False,False,"[""ENVIRONMENT_AND_PARKING""]",Cylinder.008,1,40,22,[],"{""min"": [-7.738238, 27.014999, 6.47859], ""max"": [-7.648238, 27.105, 6.608591], ""center"": [-7.693238, 27.059999, 6.543591], ""dimensions"": [0.09, 0.09, 0.13]}"
HERO_Rooftop_Vent_1,HERO_Rooftop_Vent_1,MESH,True,False,False,False,"[""ENVIRONMENT_AND_PARKING""]",Cylinder.009,1,40,22,[],"{""min"": [-2.104695, 27.014999, 6.47859], ""max"": [-2.014694, 27.105, 6.608591], ""center"": [-2.059695, 27.059999, 6.543591], ""dimensions"": [0.09, 0.09, 0.13]}"
HERO_Rooftop_Vent_2,HERO_Rooftop_Vent_2,MESH,True,False,False,False,"[""ENVIRONMENT_AND_PARKING""]",Cylinder.010,1,40,22,[],"{""min"": [3.528848, 27.014999, 6.47859], ""max"": [3.618849, 27.105, 6.608591], ""center"": [3.573848, 27.059999, 6.543591], ""dimensions"": [0.09, 0.09, 0.13]}"
HERO_Rooftop_Vent_3,HERO_Rooftop_Vent_3,MESH,True,False,False,False,"[""ENVIRONMENT_AND_PARKING""]",Cylinder.011,1,40,22,[],"{""min"": [9.162392, 27.014999, 6.47859], ""max"": [9.252392, 27.105, 6.608591], ""center"": [9.207392, 27.059999, 6.543591], ""dimensions"": [0.09, 0.09, 0.13]}"
HERO_Sidewalk_ExpansionJoint_X_1,HERO_Sidewalk_ExpansionJoint_X_1,MESH,True,False,False,False,"[""ENVIRONMENT_AND_PARKING""]",Cube.198,1,8,6,[],"{""min"": [-9.62063, 19.057598, 0.042], ""max"": [-9.584631, 24.0, 0.05], ""center"": [-9.602631, 21.528799, 0.046], ""dimensions"": [0.035999, 4.942402, 0.008]}"
HERO_Sidewalk_ExpansionJoint_X_2,HERO_Sidewalk_ExpansionJoint_X_2,MESH,True,False,False,False,"[""ENVIRONMENT_AND_PARKING""]",Cube.199,1,8,6,[],"{""min"": [-6.419754, 19.057598, 0.042], ""max"": [-6.383753, 24.0, 0.05], ""center"": [-6.401753, 21.528799, 0.046], ""dimensions"": [0.036, 4.942402, 0.008]}"
HERO_Sidewalk_ExpansionJoint_X_3,HERO_Sidewalk_ExpansionJoint_X_3,MESH,True,False,False,False,"[""ENVIRONMENT_AND_PARKING""]",Cube.200,1,8,6,[],"{""min"": [-3.218877, 19.057598, 0.042], ""max"": [-3.182877, 24.0, 0.05], ""center"": [-3.200877, 21.528799, 0.046], ""dimensions"": [0.036, 4.942402, 0.008]}"
HERO_Sidewalk_ExpansionJoint_X_4,HERO_Sidewalk_ExpansionJoint_X_4,MESH,True,False,False,False,"[""ENVIRONMENT_AND_PARKING""]",Cube.201,1,8,6,[],"{""min"": [-0.018, 19.057598, 0.042], ""max"": [0.018, 24.0, 0.05], ""center"": [0.0, 21.528799, 0.046], ""dimensions"": [0.036, 4.942402, 0.008]}"
HERO_Sidewalk_ExpansionJoint_X_5,HERO_Sidewalk_ExpansionJoint_X_5,MESH,True,False,False,False,"[""ENVIRONMENT_AND_PARKING""]",Cube.202,1,8,6,[],"{""min"": [3.182877, 19.057598, 0.042], ""max"": [3.218877, 24.0, 0.05], ""center"": [3.200877, 21.528799, 0.046], ""dimensions"": [0.036, 4.942402, 0.008]}"
HERO_Sidewalk_ExpansionJoint_X_6,HERO_Sidewalk_ExpansionJoint_X_6,MESH,True,False,False,False,"[""ENVIRONMENT_AND_PARKING""]",Cube.203,1,8,6,[],"{""min"": [6.383753, 19.057598, 0.042], ""max"": [6.419754, 24.0, 0.05], ""center"": [6.401753, 21.528799, 0.046], ""dimensions"": [0.036, 4.942402, 0.008]}"
HERO_Sidewalk_ExpansionJoint_X_7,HERO_Sidewalk_ExpansionJoint_X_7,MESH,True,False,False,False,"[""ENVIRONMENT_AND_PARKING""]",Cube.204,1,8,6,[],"{""min"": [9.584631, 19.057598, 0.042], ""max"": [9.62063, 24.0, 0.05], ""center"": [9.602631, 21.528799, 0.046], ""dimensions"": [0.035999, 4.942402, 0.008]}"
HERO_Sidewalk_WideTop,HERO_Sidewalk_WideTop,MESH,True,False,False,False,"[""ENVIRONMENT_AND_PARKING""]",Cube.195,1,8,6,"[{""name"": ""Bevel"", ""type"": ""BEVEL"", ""show_viewport"": true, ""show_render"": true}, {""name"": ""WeightedNormals"", ""type"": ""WEIGHTED_NORMAL"", ""show_viewport"": true, ""show_render"": true}]","{""min"": [-13.453507, 19.057598, -0.122911], ""max"": [13.453507, 24.0, 0.06], ""center"": [0.0, 21.528799, -0.031455], ""dimensions"": [26.907015, 4.942402, 0.182911]}"
HERO_Storefront_CenterMullion_0,HERO_Storefront_CenterMullion_0,MESH,True,False,False,False,"[""ENVIRONMENT_AND_PARKING""]",Cube.169,1,8,6,"[{""name"": ""Bevel"", ""type"": ""BEVEL"", ""show_viewport"": true, ""show_render"": true}, {""name"": ""WeightedNormals"", ""type"": ""WEIGHTED_NORMAL"", ""show_viewport"": true, ""show_render"": true}]","{""min"": [-8.15886, 23.785, 0.06], ""max"": [-8.12386, 23.884998, 3.931653], ""center"": [-8.14136, 23.834999, 1.995826], ""dimensions"": [0.035, 0.099998, 3.871653]}"
HERO_Storefront_CenterMullion_3,HERO_Storefront_CenterMullion_3,MESH,True,False,False,False,"[""ENVIRONMENT_AND_PARKING""]",Cube.190,1,8,6,"[{""name"": ""Bevel"", ""type"": ""BEVEL"", ""show_viewport"": true, ""show_render"": true}, {""name"": ""WeightedNormals"", ""type"": ""WEIGHTED_NORMAL"", ""show_viewport"": true, ""show_render"": true}]","{""min"": [8.12386, 23.785, 0.06], ""max"": [8.15886, 23.884998, 3.931653], ""center"": [8.14136, 23.834999, 1.995826], ""dimensions"": [0.035, 0.099998, 3.871653]}"
HERO_Storefront_ContinuousBottomFrame,HERO_Storefront_ContinuousBottomFrame,MESH,True,False,False,False,"[""ENVIRONMENT_AND_PARKING""]",Cube.059,1,8,6,"[{""name"": ""Bevel"", ""type"": ""BEVEL"", ""show_viewport"": true, ""show_render"": true}, {""name"": ""WeightedNormals"", ""type"": ""WEIGHTED_NORMAL"", ""show_viewport"": true, ""show_render"": true}]","{""min"": [-10.328889, 23.785, 0.025], ""max"": [10.328889, 23.884998, 0.095], ""center"": [0.0, 23.834999, 0.06], ""dimensions"": [20.657778, 0.099998, 0.07]}"
HERO_Storefront_ContinuousTopFrame,HERO_Storefront_ContinuousTopFrame,MESH,True,False,False,False,"[""ENVIRONMENT_AND_PARKING""]",Cube.058,1,8,6,"[{""name"": ""Bevel"", ""type"": ""BEVEL"", ""show_viewport"": true, ""show_render"": true}, {""name"": ""WeightedNormals"", ""type"": ""WEIGHTED_NORMAL"", ""show_viewport"": true, ""show_render"": true}]","{""min"": [-10.328889, 23.785, 3.896653], ""max"": [10.328889, 23.884998, 3.966653], ""center"": [0.0, 23.834999, 3.931653], ""dimensions"": [20.657778, 0.099998, 0.07]}"
HERO_Storefront_LeftVertical_0,HERO_Storefront_LeftVertical_0,MESH,True,False,False,False,"[""ENVIRONMENT_AND_PARKING""]",Cube.119,1,8,6,"[{""name"": ""Bevel"", ""type"": ""BEVEL"", ""show_viewport"": true, ""show_render"": true}, {""name"": ""WeightedNormals"", ""type"": ""WEIGHTED_NORMAL"", ""show_viewport"": true, ""show_render"": true}]","{""min"": [-10.246388, 23.785, 0.06], ""max"": [-10.211389, 23.884998, 3.931653], ""center"": [-10.228889, 23.834999, 1.995826], ""dimensions"": [0.035, 0.099998, 3.871653]}"
HERO_Storefront_LeftVertical_1,HERO_Storefront_LeftVertical_1,MESH,True,False,False,False,"[""ENVIRONMENT_AND_PARKING""]",Cube.171,1,8,6,"[{""name"": ""Bevel"", ""type"": ""BEVEL"", ""show_viewport"": true, ""show_render"": true}, {""name"": ""WeightedNormals"", ""type"": ""WEIGHTED_NORMAL"", ""show_viewport"": true, ""show_render"": true}]","{""min"": [-4.818815, 23.785, 0.06], ""max"": [-4.783815, 23.884998, 3.931653], ""center"": [-4.801315, 23.834999, 1.995826], ""dimensions"": [0.035, 0.099998, 3.871653]}"
HERO_Storefront_LeftVertical_2,HERO_Storefront_LeftVertical_2,MESH,True,False,False,False,"[""ENVIRONMENT_AND_PARKING""]",Cube.179,1,8,6,"[{""name"": ""Bevel"", ""type"": ""BEVEL"", ""show_viewport"": true, ""show_render"": true}, {""name"": ""WeightedNormals"", ""type"": ""WEIGHTED_NORMAL"", ""show_viewport"": true, ""show_render"": true}]","{""min"": [0.608759, 23.785, 0.06], ""max"": [0.643758, 23.884998, 3.931653], ""center"": [0.626258, 23.834999, 1.995826], ""dimensions"": [0.035, 0.099998, 3.871653]}"
HERO_Storefront_LeftVertical_3,HERO_Storefront_LeftVertical_3,MESH,True,False,False,False,"[""ENVIRONMENT_AND_PARKING""]",Cube.187,1,8,6,"[{""name"": ""Bevel"", ""type"": ""BEVEL"", ""show_viewport"": true, ""show_render"": true}, {""name"": ""WeightedNormals"", ""type"": ""WEIGHTED_NORMAL"", ""show_viewport"": true, ""show_render"": true}]","{""min"": [6.036332, 23.785, 0.06], ""max"": [6.071332, 23.884998, 3.931653], ""center"": [6.053832, 23.834999, 1.995826], ""dimensions"": [0.035, 0.099998, 3.871653]}"
HERO_Storefront_MidHorizontal_0,HERO_Storefront_MidHorizontal_0,MESH,True,False,False,False,"[""ENVIRONMENT_AND_PARKING""]",Cube.133,1,8,6,"[{""name"": ""Bevel"", ""type"": ""BEVEL"", ""show_viewport"": true, ""show_render"": true}, {""name"": ""WeightedNormals"", ""type"": ""WEIGHTED_NORMAL"", ""show_viewport"": true, ""show_render"": true}]","{""min"": [-10.228889, 23.785, 1.978327], ""max"": [-6.053832, 23.884998, 2.013327], ""center"": [-8.14136, 23.834999, 1.995827], ""dimensions"": [4.175056, 0.099998, 0.035]}"
HERO_Storefront_MidHorizontal_1,HERO_Storefront_MidHorizontal_1,MESH,True,False,False,False,"[""ENVIRONMENT_AND_PARKING""]",Cube.173,1,8,6,"[{""name"": ""Bevel"", ""type"": ""BEVEL"", ""show_viewport"": true, ""show_render"": true}, {""name"": ""WeightedNormals"", ""type"": ""WEIGHTED_NORMAL"", ""show_viewport"": true, ""show_render"": true}]","{""min"": [-4.801315, 23.785, 1.978327], ""max"": [-0.626259, 23.884998, 2.013327], ""center"": [-2.713787, 23.834999, 1.995827], ""dimensions"": [4.175056, 0.099998, 0.035]}"
HERO_Storefront_MidHorizontal_2,HERO_Storefront_MidHorizontal_2,MESH,True,False,False,False,"[""ENVIRONMENT_AND_PARKING""]",Cube.181,1,8,6,"[{""name"": ""Bevel"", ""type"": ""BEVEL"", ""show_viewport"": true, ""show_render"": true}, {""name"": ""WeightedNormals"", ""type"": ""WEIGHTED_NORMAL"", ""show_viewport"": true, ""show_render"": true}]","{""min"": [0.626259, 23.785, 1.978327], ""max"": [4.801315, 23.884998, 2.013327], ""center"": [2.713787, 23.834999, 1.995827], ""dimensions"": [4.175056, 0.099998, 0.035]}"
HERO_Storefront_MidHorizontal_3,HERO_Storefront_MidHorizontal_3,MESH,True,False,False,False,"[""ENVIRONMENT_AND_PARKING""]",Cube.189,1,8,6,"[{""name"": ""Bevel"", ""type"": ""BEVEL"", ""show_viewport"": true, ""show_render"": true}, {""name"": ""WeightedNormals"", ""type"": ""WEIGHTED_NORMAL"", ""show_viewport"": true, ""show_render"": true}]","{""min"": [6.053832, 23.785, 1.978327], ""max"": [10.228889, 23.884998, 2.013327], ""center"": [8.14136, 23.834999, 1.995827], ""dimensions"": [4.175056, 0.099998, 0.035]}"
HERO_Storefront_RightVertical_0,HERO_Storefront_RightVertical_0,MESH,True,False,False,False,"[""ENVIRONMENT_AND_PARKING""]",Cube.126,1,8,6,"[{""name"": ""Bevel"", ""type"": ""BEVEL"", ""show_viewport"": true, ""show_render"": true}, {""name"": ""WeightedNormals"", ""type"": ""WEIGHTED_NORMAL"", ""show_viewport"": true, ""show_render"": true}]","{""min"": [-6.071332, 23.785, 0.06], ""max"": [-6.036332, 23.884998, 3.931653], ""center"": [-6.053832, 23.834999, 1.995826], ""dimensions"": [0.035, 0.099998, 3.871653]}"
HERO_Storefront_RightVertical_1,HERO_Storefront_RightVertical_1,MESH,True,False,False,False,"[""ENVIRONMENT_AND_PARKING""]",Cube.172,1,8,6,"[{""name"": ""Bevel"", ""type"": ""BEVEL"", ""show_viewport"": true, ""show_render"": true}, {""name"": ""WeightedNormals"", ""type"": ""WEIGHTED_NORMAL"", ""show_viewport"": true, ""show_render"": true}]","{""min"": [-0.643758, 23.785, 0.06], ""max"": [-0.608759, 23.884998, 3.931653], ""center"": [-0.626258, 23.834999, 1.995826], ""dimensions"": [0.035, 0.099998, 3.871653]}"
HERO_Storefront_RightVertical_2,HERO_Storefront_RightVertical_2,MESH,True,False,False,False,"[""ENVIRONMENT_AND_PARKING""]",Cube.180,1,8,6,"[{""name"": ""Bevel"", ""type"": ""BEVEL"", ""show_viewport"": true, ""show_render"": true}, {""name"": ""WeightedNormals"", ""type"": ""WEIGHTED_NORMAL"", ""show_viewport"": true, ""show_render"": true}]","{""min"": [4.783815, 23.785, 0.06], ""max"": [4.818815, 23.884998, 3.931653], ""center"": [4.801315, 23.834999, 1.995826], ""dimensions"": [0.035, 0.099998, 3.871653]}"
HERO_Storefront_RightVertical_3,HERO_Storefront_RightVertical_3,MESH,True,False,False,False,"[""ENVIRONMENT_AND_PARKING""]",Cube.188,1,8,6,"[{""name"": ""Bevel"", ""type"": ""BEVEL"", ""show_viewport"": true, ""show_render"": true}, {""name"": ""WeightedNormals"", ""type"": ""WEIGHTED_NORMAL"", ""show_viewport"": true, ""show_render"": true}]","{""min"": [10.211389, 23.785, 0.06], ""max"": [10.246388, 23.884998, 3.931653], ""center"": [10.228889, 23.834999, 1.995826], ""dimensions"": [0.035, 0.099998, 3.871653]}"
HERO_StoreMall_DeepBody,HERO_StoreMall_DeepBody,MESH,True,False,False,False,"[""ENVIRONMENT_AND_PARKING""]",Cube.050,1,8,6,"[{""name"": ""Bevel"", ""type"": ""BEVEL"", ""show_viewport"": true, ""show_render"": true}, {""name"": ""WeightedNormals"", ""type"": ""WEIGHTED_NORMAL"", ""show_viewport"": true, ""show_render"": true}]","{""min"": [-12.803507, 24.0, 0.0], ""max"": [12.803507, 30.0, 5.773757], ""center"": [0.0, 27.0, 2.886878], ""dimensions"": [25.607014, 6.0, 5.773757]}"
HERO_StoreMall_FlatRoof,HERO_StoreMall_FlatRoof,MESH,True,False,False,False,"[""ENVIRONMENT_AND_PARKING""]",Cube.056,1,8,6,"[{""name"": ""Bevel"", ""type"": ""BEVEL"", ""show_viewport"": true, ""show_render"": true}, {""name"": ""WeightedNormals"", ""type"": ""WEIGHTED_NORMAL"", ""show_viewport"": true, ""show_render"": true}]","{""min"": [-13.203507, 23.75, 5.773756], ""max"": [13.203507, 30.25, 6.158673], ""center"": [0.0, 27.0, 5.966215], ""dimensions"": [26.407015, 6.5, 0.384917]}"
HERO_StoreMall_FrontParapet,HERO_StoreMall_FrontParapet,MESH,True,False,False,False,"[""ENVIRONMENT_AND_PARKING""]",Cube.057,1,8,6,"[{""name"": ""Bevel"", ""type"": ""BEVEL"", ""show_viewport"": true, ""show_render"": true}, {""name"": ""WeightedNormals"", ""type"": ""WEIGHTED_NORMAL"", ""show_viewport"": true, ""show_render"": true}]","{""min"": [-13.253507, 23.82, 6.158673], ""max"": [13.253507, 24.02, 6.818531], ""center"": [0.0, 23.92, 6.488602], ""dimensions"": [26.507013, 0.200001, 0.659858]}"
HERO_Underglow_FrontHiddenStrip,HERO_Underglow_FrontHiddenStrip,MESH,True,False,False,False,"[""LIGHTS_AND_REFLECTION_HELPERS""]",Cube.054,1,8,6,"[{""name"": ""Bevel"", ""type"": ""BEVEL"", ""show_viewport"": true, ""show_render"": true}, {""name"": ""WeightedNormals"", ""type"": ""WEIGHTED_NORMAL"", ""show_viewport"": true, ""show_render"": true}]","{""min"": [-1.353772, 2.804102, 0.003], ""max"": [0.514569, 3.797645, 0.003], ""center"": [-0.419602, 3.300873, 0.003], ""dimensions"": [1.868341, 0.993543, 0.0]}"
HERO_Underglow_RearHiddenStrip,HERO_Underglow_RearHiddenStrip,MESH,True,False,False,False,"[""LIGHTS_AND_REFLECTION_HELPERS""]",Cube.055,1,8,6,"[{""name"": ""Bevel"", ""type"": ""BEVEL"", ""show_viewport"": true, ""show_render"": true}, {""name"": ""WeightedNormals"", ""type"": ""WEIGHTED_NORMAL"", ""show_viewport"": true, ""show_render"": true}]","{""min"": [-3.354495, 6.629894, 0.003], ""max"": [-1.553775, 7.533771, 0.003], ""center"": [-2.454135, 7.081832, 0.003], ""dimensions"": [1.80072, 0.903876, 0.0]}"
L.Eye,L.Eye,MESH,True,False,False,False,"[""Main Model""]",Sphere.019,1,482,512,[],"{""min"": [0.214751, -0.397124, 2.199077], ""max"": [0.3557, -0.289225, 2.366086], ""center"": [0.285225, -0.343175, 2.282581], ""dimensions"": [0.14095, 0.107898, 0.167008]}"
Large Trash Can,Large Trash Can,EMPTY,True,False,False,False,"[""PROPS""]",,0,0,0,[],
Lid Pins.001,Lid Pins,MESH,True,False,False,False,"[""PROPS""]",Mesh.019,1,2780,2970,[],"{""min"": [-0.373511, 23.860727, 1.67266], ""max"": [0.373511, 23.903536, 1.71547], ""center"": [0.0, 23.882132, 1.694065], ""dimensions"": [0.747022, 0.042809, 0.04281]}"
Lid.001,Lid,MESH,True,False,False,False,"[""PROPS""]",Mesh.017,1,21254,23160,"[{""name"": ""OPT_PREVIEW_DECIMATE"", ""type"": ""DECIMATE"", ""show_viewport"": true, ""show_render"": true}]","{""min"": [2.243699, 22.657509, 1.659932], ""max"": [3.297613, 23.91787, 1.798107], ""center"": [2.770656, 23.287689, 1.729019], ""dimensions"": [1.053914, 1.260361, 0.138174]}"
Mball.008,Mball,MESH,True,False,False,False,"[""SAME_NAME_Mball""]",Mesh.001,1,1510,1893,"[{""name"": ""PARKING_TO_ASPHALT_PREVIEW"", ""type"": ""SHRINKWRAP"", ""show_viewport"": true, ""show_render"": true}]","{""min"": [-10.962285, 19.1675, 1.75648], ""max"": [-10.696809, 19.188293, 2.097908], ""center"": [-10.829547, 19.177896, 1.927194], ""dimensions"": [0.265476, 0.020794, 0.341428]}"
Mball.011,Mball,MESH,True,False,False,False,"[""SAME_NAME_Mball""]",Mesh,1,1930,2419,"[{""name"": ""PARKING_TO_ASPHALT_PREVIEW"", ""type"": ""SHRINKWRAP"", ""show_viewport"": true, ""show_render"": true}]","{""min"": [-10.85804, 19.17729, 0.064515], ""max"": [-10.79878, 19.235197, 0.092066], ""center"": [-10.82841, 19.206244, 0.07829], ""dimensions"": [0.059259, 0.057907, 0.027551]}"
No Parking Sign,No Parking Sign,EMPTY,True,False,False,False,"[""PROPS""]",,0,0,0,[],
Plane,Plane,MESH,True,False,False,False,"[""SAME_NAME_Plane""]",Plane,1,405,372,"[{""name"": ""Subdivision"", ""type"": ""SUBSURF"", ""show_viewport"": true, ""show_render"": true}]","{""min"": [-4.336743, 5.97546, 1.068002], ""max"": [-1.155483, 9.116609, 1.530974], ""center"": [-2.746113, 7.546034, 1.299488], ""dimensions"": [3.18126, 3.141149, 0.462971]}"
Plane.001,Plane,MESH,True,False,False,False,"[""SAME_NAME_Plane""]",Plane.001,1,10292,10800,[],"{""min"": [-0.466946, -0.548141, 0.102221], ""max"": [0.111644, 0.329736, 0.446044], ""center"": [-0.177651, -0.109202, 0.274133], ""dimensions"": [0.57859, 0.877878, 0.343824]}"
Plane.002,Plane,MESH,True,False,False,False,"[""SAME_NAME_Plane""]",Plane.002,1,1114,1018,"[{""name"": ""Subdivision"", ""type"": ""SUBSURF"", ""show_viewport"": true, ""show_render"": true}]","{""min"": [-4.745775, 6.789262, 0.307961], ""max"": [-1.338568, 9.442616, 1.164966], ""center"": [-3.042172, 8.115939, 0.736463], ""dimensions"": [3.407207, 2.653353, 0.857004]}"
Plane.003,Plane,MESH,True,False,False,False,"[""SAME_NAME_Plane""]",Plane.003,1,2285,2198,"[{""name"": ""Subdivision"", ""type"": ""SUBSURF"", ""show_viewport"": true, ""show_render"": true}]","{""min"": [-4.629182, 7.352654, 0.342741], ""max"": [-1.708502, 9.366898, 1.095226], ""center"": [-3.168842, 8.359776, 0.718983], ""dimensions"": [2.920681, 2.014244, 0.752486]}"
Plane.004,Plane,MESH,True,False,False,False,"[""SAME_NAME_Plane""]",Plane.004,1,1370,1292,"[{""name"": ""Subdivision"", ""type"": ""SUBSURF"", ""show_viewport"": true, ""show_render"": true}]","{""min"": [-3.557532, 4.103075, 0.343895], ""max"": [0.040232, 7.18732, 1.543742], ""center"": [-1.75865, 5.645197, 0.943819], ""dimensions"": [3.597764, 3.084245, 1.199847]}"
Plane.005,Plane,MESH,True,False,False,False,"[""SAME_NAME_Plane""]",Plane.005,1,1268,1186,"[{""name"": ""Subdivision"", ""type"": ""SUBSURF"", ""show_viewport"": true, ""show_render"": true}]","{""min"": [-2.789158, 2.571267, 0.372682], ""max"": [0.859457, 5.663048, 1.605953], ""center"": [-0.96485, 4.117157, 0.989317], ""dimensions"": [3.648615, 3.091781, 1.233271]}"
Plane.006,Plane,MESH,True,False,False,False,"[""SAME_NAME_Plane""]",Plane.006,1,1438,1310,"[{""name"": ""Subdivision"", ""type"": ""SUBSURF"", ""show_viewport"": true, ""show_render"": true}]","{""min"": [-3.488873, 1.220918, 0.876612], ""max"": [1.558203, 7.015264, 2.161704], ""center"": [-0.965335, 4.118091, 1.519158], ""dimensions"": [5.047075, 5.794346, 1.285091]}"
Plane.007,Plane,MESH,True,False,False,False,"[""SAME_NAME_Plane""]",Plane.007,1,668,596,"[{""name"": ""Subdivision"", ""type"": ""SUBSURF"", ""show_viewport"": true, ""show_render"": true}]","{""min"": [-3.723699, 2.979877, 0.212596], ""max"": [0.654892, 7.447186, 0.392863], ""center"": [-1.534404, 5.213531, 0.30273], ""dimensions"": [4.378591, 4.467309, 0.180267]}"
Plane.008,Plane,MESH,True,False,False,False,"[""SAME_NAME_Plane""]",Plane.008,1,411,352,"[{""name"": ""Subdivision"", ""type"": ""SUBSURF"", ""show_viewport"": true, ""show_render"": true}]","{""min"": [-2.628931, 2.936674, 1.941915], ""max"": [0.273995, 6.116208, 2.222639], ""center"": [-1.177468, 4.526441, 2.082277], ""dimensions"": [2.902925, 3.179534, 0.280723]}"
Plane.009,Plane,MESH,True,False,False,False,"[""SAME_NAME_Plane""]",Plane.009,1,481,436,"[{""name"": ""Subdivision"", ""type"": ""SUBSURF"", ""show_viewport"": true, ""show_render"": true}]","{""min"": [-4.134578, 7.968957, 0.394822], ""max"": [-2.391015, 9.112313, 1.168103], ""center"": [-3.262796, 8.540635, 0.781462], ""dimensions"": [1.743563, 1.143356, 0.773281]}"
Plane.010,Plane,MESH,True,False,False,False,"[""SAME_NAME_Plane""]",Plane.011,1,714,626,"[{""name"": ""Subdivision"", ""type"": ""SUBSURF"", ""show_viewport"": true, ""show_render"": true}]","{""min"": [-1.04703, 1.277387, 1.35657], ""max"": [1.146727, 3.050402, 1.691404], ""center"": [0.049848, 2.163894, 1.523987], ""dimensions"": [2.193757, 1.773015, 0.334834]}"
Plane.011,Plane,MESH,True,False,False,False,"[""SAME_NAME_Plane""]",Plane.012,1,128,110,"[{""name"": ""Subdivision"", ""type"": ""SUBSURF"", ""show_viewport"": true, ""show_render"": true}]","{""min"": [-0.551691, 1.375095, 0.965263], ""max"": [0.999655, 2.282287, 1.286387], ""center"": [0.223982, 1.828691, 1.125825], ""dimensions"": [1.551346, 0.907192, 0.321124]}"
Plane.012,Plane,MESH,True,False,False,False,"[""SAME_NAME_Plane""]",Plane.013,1,234,206,"[{""name"": ""Subdivision"", ""type"": ""SUBSURF"", ""show_viewport"": true, ""show_render"": true}]","{""min"": [-0.954851, 1.708519, 1.551361], ""max"": [0.853687, 3.005921, 1.728442], ""center"": [-0.050582, 2.35722, 1.639902], ""dimensions"": [1.808538, 1.297402, 0.17708]}"
Plane.013,Plane,MESH,True,False,False,False,"[""SAME_NAME_Plane""]",Plane.014,1,675,622,"[{""name"": ""Subdivision"", ""type"": ""SUBSURF"", ""show_viewport"": true, ""show_render"": true}]","{""min"": [-1.562906, 0.912418, 0.530667], ""max"": [1.69987, 3.343631, 1.12687], ""center"": [0.068482, 2.128025, 0.828768], ""dimensions"": [3.262776, 2.431212, 0.596203]}"
Plane.014,Plane,MESH,True,False,False,False,"[""SAME_NAME_Plane""]",Plane.010,1,582,522,"[{""name"": ""Subdivision"", ""type"": ""SUBSURF"", ""show_viewport"": true, ""show_render"": true}]","{""min"": [-1.480462, 0.949648, 0.21764], ""max"": [1.652999, 3.237924, 0.746988], ""center"": [0.086269, 2.093786, 0.482314], ""dimensions"": [3.133461, 2.288276, 0.529348]}"
Plane.015,Plane,MESH,True,False,False,False,"[""SAME_NAME_Plane""]",Plane.016,1,443,384,"[{""name"": ""Subdivision"", ""type"": ""SUBSURF"", ""show_viewport"": true, ""show_render"": true}]","{""min"": [-0.792312, 1.149199, 0.419076], ""max"": [1.267046, 2.456654, 0.731036], ""center"": [0.237367, 1.802927, 0.575056], ""dimensions"": [2.059358, 1.307454, 0.311959]}"
Plane.016,Plane,MESH,True,False,False,False,"[""SAME_NAME_Plane""]",Plane.019,1,116,92,"[{""name"": ""Subdivision"", ""type"": ""SUBSURF"", ""show_viewport"": true, ""show_render"": true}]","{""min"": [-1.105548, 1.33142, 0.210688], ""max"": [1.184215, 3.036849, 0.445216], ""center"": [0.039333, 2.184135, 0.327952], ""dimensions"": [2.289762, 1.705429, 0.234528]}"
Plane.017,Plane,MESH,True,False,False,False,"[""SAME_NAME_Plane""]",Plane.020,1,624,552,"[{""name"": ""Subdivision"", ""type"": ""SUBSURF"", ""show_viewport"": true, ""show_render"": true}]","{""min"": [-0.921971, 1.18969, 0.237784], ""max"": [1.19192, 2.810368, 0.626526], ""center"": [0.134974, 2.000029, 0.432155], ""dimensions"": [2.113891, 1.620678, 0.388741]}"
Plane.018,Plane,MESH,True,False,False,False,"[""SAME_NAME_Plane""]",Plane.022,1,336,258,"[{""name"": ""Subdivision"", ""type"": ""SUBSURF"", ""show_viewport"": true, ""show_render"": true}]","{""min"": [-0.60739, 1.348439, 0.248201], ""max"": [0.901344, 2.605409, 0.692916], ""center"": [0.146977, 1.976924, 0.470558], ""dimensions"": [1.508734, 1.25697, 0.444716]}"
Plane.019,Plane,MESH,True,False,False,False,"[""SAME_NAME_Plane""]",Plane.023,1,320,276,"[{""name"": ""Subdivision"", ""type"": ""SUBSURF"", ""show_viewport"": true, ""show_render"": true}]","{""min"": [-4.687729, 7.093706, 0.21811], ""max"": [-1.525624, 9.386512, 0.331111], ""center"": [-3.106677, 8.240108, 0.274611], ""dimensions"": [3.162105, 2.292806, 0.113002]}"
Plane.020,Plane,MESH,True,False,False,False,"[""SAME_NAME_Plane""]",Plane.044,1,64,42,"[{""name"": ""Subdivision"", ""type"": ""SUBSURF"", ""show_viewport"": true, ""show_render"": true}]","{""min"": [-2.511858, 3.978958, 1.540048], ""max"": [-0.05252, 5.477093, 2.057863], ""center"": [-1.282189, 4.728025, 1.798956], ""dimensions"": [2.459338, 1.498135, 0.517814]}"
Plane.021,Plane,MESH,True,False,False,False,"[""SAME_NAME_Plane""]",Plane.045,1,240,168,"[{""name"": ""Subdivision"", ""type"": ""SUBSURF"", ""show_viewport"": true, ""show_render"": true}]","{""min"": [-4.371826, 7.733023, 0.403786], ""max"": [-2.062335, 9.172242, 0.670533], ""center"": [-3.21708, 8.452633, 0.53716], ""dimensions"": [2.309491, 1.439219, 0.266746]}"
Plane.022,Plane,MESH,True,False,False,False,"[""SAME_NAME_Plane""]",Plane.017,1,10292,10800,"[{""name"": ""WeightedNormal"", ""type"": ""WEIGHTED_NORMAL"", ""show_viewport"": true, ""show_render"": true}, {""name"": ""WeightedNormal.001"", ""type"": ""WEIGHTED_NORMAL"", ""show_viewport"": true, ""show_render"": true}]","{""min"": [0.090472, -0.548141, 0.102221], ""max"": [0.669063, 0.329737, 0.446044], ""center"": [0.379768, -0.109202, 0.274133], ""dimensions"": [0.57859, 0.877878, 0.343824]}"
Plane.023,Plane,MESH,True,False,False,False,"[""SAME_NAME_Plane""]",Plane.025,1,132,126,"[{""name"": ""Bevel"", ""type"": ""BEVEL"", ""show_viewport"": true, ""show_render"": true}, {""name"": ""Subdivision"", ""type"": ""SUBSURF"", ""show_viewport"": true, ""show_render"": true}, {""name"": ""WeightedNormal"", ""type"": ""WEIGHTED_NORMAL"", ""show_viewport"": true, ""show_render"": true}, {""name"": ""PARKING_TO_ASPHALT_PREVIEW"", ""type"": ""SHRINKWRAP"", ""show_viewport"": true, ""show_render"": true}]","{""min"": [-10.96244, 19.071617, 0.065557], ""max"": [-10.694856, 19.339201, 0.085553], ""center"": [-10.828648, 19.20541, 0.075555], ""dimensions"": [0.267585, 0.267584, 0.019996]}"
Plane.024,Plane,MESH,True,False,False,False,"[""SAME_NAME_Plane""]",Plane.040,1,827,726,"[{""name"": ""Subdivision"", ""type"": ""SUBSURF"", ""show_viewport"": true, ""show_render"": true}]","{""min"": [-3.564756, 1.871034, 1.396637], ""max"": [1.0552, 7.479486, 2.097487], ""center"": [-1.254778, 4.67526, 1.747062], ""dimensions"": [4.619956, 5.608452, 0.70085]}"
Plane.025,Plane,MESH,True,False,False,False,"[""SAME_NAME_Plane""]",Plane.043,1,778,662,"[{""name"": ""Subdivision"", ""type"": ""SUBSURF"", ""show_viewport"": true, ""show_render"": true}]","{""min"": [-3.256989, 2.574924, 1.456227], ""max"": [0.696496, 6.873647, 2.063508], ""center"": [-1.280246, 4.724286, 1.759868], ""dimensions"": [3.953485, 4.298723, 0.607281]}"
Plane.026,Plane,MESH,True,False,False,False,"[""SAME_NAME_Plane""]",Plane.046,1,352,308,"[{""name"": ""Subdivision"", ""type"": ""SUBSURF"", ""show_viewport"": true, ""show_render"": true}]","{""min"": [-3.991651, 8.153692, 0.41179], ""max"": [-2.590589, 9.036622, 0.612582], ""center"": [-3.29112, 8.595158, 0.512186], ""dimensions"": [1.401062, 0.88293, 0.200792]}"
Plane.027,Plane,MESH,True,False,False,False,"[""SAME_NAME_Plane""]",Plane.027,1,818,738,[],"{""min"": [-4.638288, 1.482543, 0.219845], ""max"": [1.422372, 9.227699, 1.214602], ""center"": [-1.607958, 5.355121, 0.717223], ""dimensions"": [6.060659, 7.745156, 0.994757]}"
Plane.028,Plane,MESH,True,False,False,False,"[""SAME_NAME_Plane""]",Plane.047,1,136,98,"[{""name"": ""Subdivision"", ""type"": ""SUBSURF"", ""show_viewport"": true, ""show_render"": true}]","{""min"": [-3.953408, 8.130988, 0.424193], ""max"": [-2.600065, 9.00395, 0.546994], ""center"": [-3.276736, 8.567469, 0.485593], ""dimensions"": [1.353342, 0.872962, 0.1228]}"
Plane.029,Plane,MESH,True,False,False,False,"[""SAME_NAME_Plane""]",Plane.032,1,545,512,[],"{""min"": [1.944361, -2.405765, 0.004], ""max"": [2.915838, -1.434288, 0.012385], ""center"": [2.430099, -1.920026, 0.008192], ""dimensions"": [0.971477, 0.971477, 0.008385]}"
Plane.030,Plane,MESH,True,False,False,False,"[""SAME_NAME_Plane""]",Plane.049,1,643,560,"[{""name"": ""Subdivision"", ""type"": ""SUBSURF"", ""show_viewport"": true, ""show_render"": true}]","{""min"": [-3.68306, 8.244802, 0.44781], ""max"": [-2.849063, 8.849038, 0.573859], ""center"": [-3.266062, 8.546921, 0.510835], ""dimensions"": [0.833996, 0.604236, 0.126049]}"
Plane.031,Plane,MESH,True,False,False,False,"[""SAME_NAME_Plane""]",Plane.052,1,48,40,"[{""name"": ""Subdivision"", ""type"": ""SUBSURF"", ""show_viewport"": true, ""show_render"": true}]","{""min"": [-3.378727, 8.616022, 0.579546], ""max"": [-3.274263, 8.710484, 0.645248], ""center"": [-3.326495, 8.663253, 0.612397], ""dimensions"": [0.104465, 0.094461, 0.065702]}"
Plane.032,Plane,MESH,True,False,False,False,"[""SAME_NAME_Plane""]",Plane.053,1,530,462,"[{""name"": ""Subdivision"", ""type"": ""SUBSURF"", ""show_viewport"": true, ""show_render"": true}]","{""min"": [-4.453761, 7.360349, 0.418921], ""max"": [-1.678315, 8.963414, 0.847892], ""center"": [-3.066038, 8.161881, 0.633407], ""dimensions"": [2.775446, 1.603065, 0.428971]}"
Plane.033,Plane,MESH,True,False,False,False,"[""SAME_NAME_Plane""]",Plane.054,1,1144,1052,"[{""name"": ""Subdivision"", ""type"": ""SUBSURF"", ""show_viewport"": true, ""show_render"": true}]","{""min"": [-2.980717, 2.857228, 1.219153], ""max"": [0.701068, 6.05073, 1.342243], ""center"": [-1.139825, 4.453979, 1.280698], ""dimensions"": [3.681785, 3.193502, 0.123089]}"
Plane.034,Plane,MESH,True,False,False,False,"[""SAME_NAME_Plane""]",Plane.056,1,1874,1752,"[{""name"": ""Subdivision"", ""type"": ""SUBSURF"", ""show_viewport"": true, ""show_render"": true}]","{""min"": [-3.495371, 4.926774, 1.371381], ""max"": [-0.265915, 6.833288, 1.699238], ""center"": [-1.880643, 5.880031, 1.535309], ""dimensions"": [3.229456, 1.906515, 0.327856]}"
Plane.035,Plane,MESH,True,False,False,False,"[""SAME_NAME_Plane""]",Plane.066,1,266,218,"[{""name"": ""Subdivision"", ""type"": ""SUBSURF"", ""show_viewport"": true, ""show_render"": true}]","{""min"": [-1.127403, 1.196392, 1.106704], ""max"": [1.396728, 2.804866, 1.262024], ""center"": [0.134663, 2.000629, 1.184364], ""dimensions"": [2.524132, 1.608474, 0.15532]}"
Plane.036,Plane,MESH,True,False,False,False,"[""SAME_NAME_Plane""]",Plane.018,1,180,144,"[{""name"": ""Subdivision"", ""type"": ""SUBSURF"", ""show_viewport"": true, ""show_render"": true}]","{""min"": [-4.345695, 7.728594, 0.358491], ""max"": [-2.05067, 9.103918, 0.76128], ""center"": [-3.198183, 8.416256, 0.559885], ""dimensions"": [2.295025, 1.375324, 0.40279]}"
Plane.037,Plane,MESH,True,False,False,False,"[""SAME_NAME_Plane""]",Plane.063,1,979,886,"[{""name"": ""Subdivision"", ""type"": ""SUBSURF"", ""show_viewport"": true, ""show_render"": true}]","{""min"": [-1.287304, 1.068718, 1.094812], ""max"": [1.523207, 2.996877, 1.427284], ""center"": [0.117951, 2.032798, 1.261048], ""dimensions"": [2.810511, 1.928159, 0.332472]}"
Plane.038,Plane,MESH,True,False,False,False,"[""SAME_NAME_Plane""]",Plane.061,1,226,190,"[{""name"": ""Subdivision"", ""type"": ""SUBSURF"", ""show_viewport"": true, ""show_render"": true}]","{""min"": [-4.520453, 7.177763, 0.946767], ""max"": [-1.615894, 9.154221, 1.226633], ""center"": [-3.068174, 8.165992, 1.0867], ""dimensions"": [2.90456, 1.976458, 0.279866]}"
Plane.039,Plane,MESH,True,False,False,False,"[""SAME_NAME_Plane""]",Plane.067,1,32,30,[],"{""min"": [-3.884861, 8.160542, 0.41179], ""max"": [-2.594147, 8.831054, 0.612582], ""center"": [-3.239504, 8.495798, 0.512186], ""dimensions"": [1.290713, 0.670511, 0.200792]}"
Plane.040,Plane,MESH,True,False,False,False,"[""SAME_NAME_Plane""]",Plane.015,1,162,128,[],"{""min"": [-3.369474, 4.95103, 1.476804], ""max"": [-0.2902, 6.613432, 1.689521], ""center"": [-1.829837, 5.782231, 1.583163], ""dimensions"": [3.079275, 1.662402, 0.212717]}"
Plane.041,Plane,MESH,True,False,False,False,"[""SAME_NAME_Plane""]",Plane.021,1,68,48,"[{""name"": ""Subdivision"", ""type"": ""SUBSURF"", ""show_viewport"": true, ""show_render"": true}]","{""min"": [-3.814184, 8.089945, 1.058421], ""max"": [-2.613702, 8.803242, 1.156434], ""center"": [-3.213943, 8.446593, 1.107428], ""dimensions"": [1.200482, 0.713297, 0.098014]}"
Plane.042,Plane,MESH,True,False,False,False,"[""SAME_NAME_Plane""]",Plane.024,1,76,56,"[{""name"": ""Smooth by Angle"", ""type"": ""NODES"", ""show_viewport"": true, ""show_render"": true}]","{""min"": [-0.796586, 1.120421, 0.603228], ""max"": [1.314334, 2.402631, 0.792206], ""center"": [0.258874, 1.761526, 0.697717], ""dimensions"": [2.11092, 1.28221, 0.188978]}"
Plane.043,Plane,MESH,True,False,False,False,"[""SAME_NAME_Plane""]",Plane.026,1,42,20,[],"{""min"": [-0.684425, 1.75431, 1.55969], ""max"": [0.764318, 2.611599, 1.582213], ""center"": [0.039946, 2.182955, 1.570951], ""dimensions"": [1.448743, 0.857288, 0.022524]}"
Plane.045,Plane,MESH,True,False,False,False,"[""SAME_NAME_Plane""]",Plane.030,1,84,60,"[{""name"": ""Subdivision"", ""type"": ""SUBSURF"", ""show_viewport"": true, ""show_render"": true}]","{""min"": [-3.55768, 5.67229, 1.432333], ""max"": [-0.937453, 7.500405, 1.534886], ""center"": [-2.247566, 6.586348, 1.483609], ""dimensions"": [2.620227, 1.828115, 0.102553]}"
Plane.047,Plane,MESH,True,False,False,False,"[""SAME_NAME_Plane""]",Plane.028,1,1040,910,[],"{""min"": [-1.347603, 1.087923, 1.07959], ""max"": [1.514656, 3.127773, 1.4271], ""center"": [0.083526, 2.107848, 1.253345], ""dimensions"": [2.862259, 2.03985, 0.34751]}"
Plane.048,Plane,MESH,True,False,False,False,"[""SAME_NAME_Plane""]",Plane.029,1,98,50,[],"{""min"": [-1.289519, 1.13878, 1.07959], ""max"": [1.475971, 3.022007, 1.410223], ""center"": [0.093226, 2.080394, 1.244906], ""dimensions"": [2.76549, 1.883227, 0.330633]}"
Plane.049,Plane,MESH,True,False,False,False,"[""SAME_NAME_Plane""]",Plane.031,1,3136,2847,[],"{""min"": [-1.311401, 1.114004, 1.165572], ""max"": [1.453713, 3.131752, 1.389572], ""center"": [0.071156, 2.122878, 1.277572], ""dimensions"": [2.765114, 2.017748, 0.224]}"
Plane.050,Plane,MESH,True,False,False,False,"[""SAME_NAME_Plane""]",Plane.037,1,440,382,[],"{""min"": [-1.28743, 1.114037, 1.159972], ""max"": [1.468852, 3.056431, 1.419065], ""center"": [0.090711, 2.085234, 1.289519], ""dimensions"": [2.756282, 1.942394, 0.259093]}"
Plane.051,Plane,MESH,True,False,False,False,"[""SAME_NAME_Plane""]",Plane.035,1,656,558,"[{""name"": ""Subdivision"", ""type"": ""SUBSURF"", ""show_viewport"": true, ""show_render"": true}]","{""min"": [-1.145219, 1.20891, 1.167133], ""max"": [1.366395, 2.885035, 1.296216], ""center"": [0.110588, 2.046973, 1.231675], ""dimensions"": [2.511614, 1.676124, 0.129082]}"
Plane.052,Plane,MESH,True,False,False,False,"[""SAME_NAME_Plane""]",Plane.041,1,688,602,[],"{""min"": [-1.0321, 1.28588, 1.150489], ""max"": [1.295799, 2.726207, 1.258273], ""center"": [0.13185, 2.006043, 1.204381], ""dimensions"": [2.327899, 1.440327, 0.107783]}"
Plane.053,Plane,MESH,True,False,False,False,"[""SAME_NAME_Plane""]",Plane.042,1,564,462,"[{""name"": ""Subdivision"", ""type"": ""SUBSURF"", ""show_viewport"": true, ""show_render"": true}]","{""min"": [-1.012258, 1.287775, 1.150489], ""max"": [1.296971, 2.683862, 1.258487], ""center"": [0.142357, 1.985818, 1.204488], ""dimensions"": [2.309229, 1.396087, 0.107998]}"
Plane.054,Plane,MESH,True,False,False,False,"[""SAME_NAME_Plane""]",Plane.038,1,392,194,[],"{""min"": [-1.257764, 1.50954, 1.100516], ""max"": [1.27908, 2.969129, 1.17259], ""center"": [0.010658, 2.239334, 1.136553], ""dimensions"": [2.536843, 1.459589, 0.072075]}"
Plane.055,Plane,MESH,True,False,False,False,"[""SAME_NAME_Plane""]",Plane.048,1,72,36,[],"{""min"": [-0.935106, 1.418631, 1.153311], ""max"": [1.184308, 2.621364, 1.248204], ""center"": [0.124601, 2.019998, 1.200757], ""dimensions"": [2.119414, 1.202733, 0.094893]}"
Plane.056,Plane,MESH,True,False,False,False,"[""SAME_NAME_Plane""]",Plane.050,1,772,744,[],"{""min"": [-4.514806, 6.912016, 0.955092], ""max"": [-1.478553, 9.144718, 1.226633], ""center"": [-2.996679, 8.028367, 1.090862], ""dimensions"": [3.036253, 2.232702, 0.271541]}"
Plane.057,Plane,MESH,True,False,False,False,"[""SAME_NAME_Plane""]",Plane.058,1,282,140,[],"{""min"": [-4.260038, 7.229783, 1.049867], ""max"": [-1.65856, 8.683042, 1.178299], ""center"": [-2.959299, 7.956412, 1.114083], ""dimensions"": [2.601479, 1.453259, 0.128432]}"
Plane.058,Plane,MESH,True,False,False,False,"[""SAME_NAME_Plane""]",Plane.057,1,128,112,[],"{""min"": [-4.281243, 6.978172, 1.020982], ""max"": [-1.520476, 8.709662, 1.212889], ""center"": [-2.900859, 7.843917, 1.116935], ""dimensions"": [2.760767, 1.73149, 0.191906]}"
Plane.059,Plane,MESH,True,False,False,False,"[""SAME_NAME_Plane""]",Plane.059,1,528,480,"[{""name"": ""Subdivision"", ""type"": ""SUBSURF"", ""show_viewport"": true, ""show_render"": true}]","{""min"": [-4.219775, 7.258678, 1.010078], ""max"": [-1.70848, 8.672733, 1.096756], ""center"": [-2.964127, 7.965706, 1.053417], ""dimensions"": [2.511296, 1.414055, 0.086678]}"
Plane.060,Plane,MESH,True,False,False,False,"[""SAME_NAME_Plane""]",Plane.064,1,162,128,[],"{""min"": [-4.450062, 7.028542, 1.073995], ""max"": [-1.565899, 9.071702, 1.215524], ""center"": [-3.007981, 8.050122, 1.144759], ""dimensions"": [2.884162, 2.04316, 0.141528]}"
Plane.061,Plane,MESH,True,False,False,False,"[""SAME_NAME_Plane""]",Plane.062,1,120,88,[],"{""min"": [-4.209342, 7.402997, 1.021697], ""max"": [-1.791467, 8.66808, 1.08514], ""center"": [-3.000405, 8.035539, 1.053418], ""dimensions"": [2.417875, 1.265083, 0.063443]}"
Plane.062,Plane,MESH,True,False,False,False,"[""SAME_NAME_Plane""]",Plane.065,1,368,326,"[{""name"": ""Smooth by Angle"", ""type"": ""NODES"", ""show_viewport"": true, ""show_render"": true}]","{""min"": [-4.195291, 7.649344, 1.036326], ""max"": [-2.0785, 8.947215, 1.129167], ""center"": [-3.136895, 8.29828, 1.082746], ""dimensions"": [2.116791, 1.297871, 0.09284]}"
Plane.063,Plane,MESH,True,False,False,False,"[""SAME_NAME_Plane""]",Plane.033,1,72,54,[],"{""min"": [-4.200507, 7.461835, 1.031538], ""max"": [-1.978331, 8.951941, 1.132268], ""center"": [-3.089419, 8.206888, 1.081903], ""dimensions"": [2.222176, 1.490107, 0.10073]}"
Plane.064,Plane,MESH,True,False,False,False,"[""SAME_NAME_Plane""]",Plane.034,1,48,36,[],"{""min"": [-4.276569, 7.024645, 1.066882], ""max"": [-1.572965, 8.755231, 1.1967], ""center"": [-2.924767, 7.889938, 1.131791], ""dimensions"": [2.703604, 1.730586, 0.129817]}"
Plane.065,Plane,MESH,True,False,False,False,"[""SAME_NAME_Plane""]",Plane.039,1,156,140,[],"{""min"": [-4.251672, 7.187791, 1.068887], ""max"": [-1.677468, 8.745326, 1.189038], ""center"": [-2.96457, 7.966558, 1.128963], ""dimensions"": [2.574204, 1.557535, 0.120151]}"
Plane.066,Plane,MESH,True,False,False,False,"[""SAME_NAME_Plane""]",Plane.068,1,192,144,[],"{""min"": [-4.257217, 7.449752, 0.964481], ""max"": [-1.896604, 8.915869, 1.057909], ""center"": [-3.07691, 8.18281, 1.011195], ""dimensions"": [2.360613, 1.466117, 0.093428]}"
Plane.067,Plane,MESH,True,False,False,False,"[""SAME_NAME_Plane""]",Plane.060,1,240,192,[],"{""min"": [-4.434289, 7.081749, 1.022866], ""max"": [-1.61442, 9.081532, 1.146805], ""center"": [-3.024354, 8.08164, 1.084835], ""dimensions"": [2.819869, 1.999782, 0.123939]}"
Plane.068,Plane,MESH,True,False,False,False,"[""SAME_NAME_Plane""]",Plane.070,1,192,144,[],"{""min"": [-4.26466, 7.346138, 0.96569], ""max"": [-1.84222, 8.929124, 1.067954], ""center"": [-3.05344, 8.13763, 1.016822], ""dimensions"": [2.42244, 1.582986, 0.102264]}"
Plane.069,Plane,MESH,True,False,False,False,"[""SAME_NAME_Plane""]",Plane.071,1,36,16,[],"{""min"": [-4.244861, 7.176324, 1.093223], ""max"": [-1.719242, 8.824095, 1.1774], ""center"": [-2.982051, 8.00021, 1.135311], ""dimensions"": [2.525618, 1.64777, 0.084177]}"
Plane.070,Plane,MESH,True,False,False,False,"[""SAME_NAME_Plane""]",Plane.073,1,2016,1920,[],"{""min"": [-3.966929, 7.59033, 0.984421], ""max"": [-2.104016, 8.615758, 1.052629], ""center"": [-3.035472, 8.103045, 1.018525], ""dimensions"": [1.862912, 1.025428, 0.068208]}"
Plane.071,Plane,MESH,True,False,False,False,"[""SAME_NAME_Plane""]",Plane.074,1,414,352,[],"{""min"": [-3.96077, 7.667069, 0.993527], ""max"": [-2.148562, 8.612911, 1.043525], ""center"": [-3.054666, 8.13999, 1.018526], ""dimensions"": [1.812208, 0.945842, 0.049998]}"
Plane.072,Plane,MESH,True,False,False,False,"[""SAME_NAME_Plane""]",Plane.075,1,234,194,[],"{""min"": [-4.485876, 7.03242, 0.965908], ""max"": [-1.55271, 9.111377, 1.035839], ""center"": [-3.019293, 8.071898, 1.000873], ""dimensions"": [2.933166, 2.078957, 0.069931]}"
Plane.074,Plane,MESH,True,False,False,False,"[""SAME_NAME_Plane""]",Plane.078,1,62832,67320,"[{""name"": ""WeightedNormal"", ""type"": ""WEIGHTED_NORMAL"", ""show_viewport"": true, ""show_render"": true}]","{""min"": [-4.258571, 1.890781, -0.000297], ""max"": [1.205133, 8.506696, 1.177214], ""center"": [-1.526719, 5.198739, 0.588458], ""dimensions"": [5.463704, 6.615914, 1.177511]}"
Plane.076,Plane,MESH,True,False,False,False,"[""SAME_NAME_Plane""]",Plane.077,1,1409,1319,"[{""name"": ""Subdivision"", ""type"": ""SUBSURF"", ""show_viewport"": true, ""show_render"": true}]","{""min"": [-4.620378, 5.419734, 0.342363], ""max"": [-0.627114, 9.201231, 1.542398], ""center"": [-2.623746, 7.310483, 0.94238], ""dimensions"": [3.993265, 3.781497, 1.200035]}"
Plane.077,Plane,MESH,True,False,False,False,"[""SAME_NAME_Plane""]",Plane.079,1,14992,14168,"[{""name"": ""Subdivision"", ""type"": ""SUBSURF"", ""show_viewport"": true, ""show_render"": true}]","{""min"": [-3.869908, 2.530659, 0.215251], ""max"": [0.820449, 7.859158, 0.839151], ""center"": [-1.52473, 5.194909, 0.527201], ""dimensions"": [4.690357, 5.328498, 0.6239]}"
R.Eye,R.Eye,MESH,True,False,False,False,"[""Main Model""]",Sphere.020,1,482,512,[],"{""min"": [-0.117965, -0.392889, 2.201749], ""max"": [0.029433, -0.27477, 2.362371], ""center"": [-0.044266, -0.333829, 2.28206], ""dimensions"": [0.147398, 0.118119, 0.160623]}"
Ribbing.001,Ribbing,MESH,True,False,False,False,"[""PROPS""]",Mesh.021,1,11332,11940,[],"{""min"": [-0.56145, 22.61009, 0.046989], ""max"": [0.56145, 23.750238, 1.656634], ""center"": [0.0, 23.180164, 0.851811], ""dimensions"": [1.1229, 1.140148, 1.609645]}"
SACKBOY_Hoodie_EditProxy,SACKBOY_Hoodie_EditProxy,MESH,True,False,False,False,"[""HOODIE""]",SACKBOY_Hoodie_Main_Mesh.003,1,245107,489016,"[{""name"": ""OPT_PREVIEW_DECIMATE"", ""type"": ""DECIMATE"", ""show_viewport"": true, ""show_render"": true}]","{""min"": [-0.919491, -0.493668, 0.864968], ""max"": [1.09873, 0.592892, 2.617762], ""center"": [0.089619, 0.049612, 1.741365], ""dimensions"": [2.018221, 1.08656, 1.752793]}"
Shoes,Shoes,EMPTY,True,False,False,False,"[""SHOES""]",,0,0,0,[],
Stop sign,Stop sign,MESH,True,False,False,False,"[""PROPS""]",Circle,1,253,267,"[{""name"": ""Bevel"", ""type"": ""BEVEL"", ""show_viewport"": true, ""show_render"": true}, {""name"": ""Auto Smooth"", ""type"": ""NODES"", ""show_viewport"": true, ""show_render"": true}]","{""min"": [-10.214785, 3.507104, 0.032826], ""max"": [-8.714653, 3.703879, 4.562983], ""center"": [-9.464719, 3.605492, 2.297904], ""dimensions"": [1.500132, 0.196774, 4.530157]}"
Traffic Cone (Photoscanned),Traffic Cone (Photoscanned),MESH,True,False,False,False,"[""LIGHTS_AND_REFLECTION_HELPERS""]",Traffic Cone (Photoscanned),1,6658,12802,"[{""name"": ""WeightedNormal"", ""type"": ""WEIGHTED_NORMAL"", ""show_viewport"": true, ""show_render"": true}]","{""min"": [-0.231978, 18.39879, 0.011199], ""max"": [0.22498, 18.865625, 0.811917], ""center"": [-0.003499, 18.632208, 0.411558], ""dimensions"": [0.456958, 0.466835, 0.800717]}"
Utility Box (Photoscanned),Utility Box (Photoscanned),MESH,True,False,False,False,"[""PROPS""]",Utility Box,1,12028,23700,"[{""name"": ""WeightedNormal"", ""type"": ""WEIGHTED_NORMAL"", ""show_viewport"": true, ""show_render"": true}, {""name"": ""OPT_PREVIEW_DECIMATE"", ""type"": ""DECIMATE"", ""show_viewport"": true, ""show_render"": true}]","{""min"": [-12.801711, 23.477732, 0.064295], ""max"": [-11.592588, 24.012657, 1.679567], ""center"": [-12.197149, 23.745193, 0.871931], ""dimensions"": [1.209123, 0.534925, 1.615272]}"
V2B_OverheadAmber_0,V2B_OverheadAmber_0,LIGHT,True,False,False,False,"[""LIGHTS_AND_REFLECTION_HELPERS""]",V2B_OverheadAmber_0_Data.001,1,0,0,[],
V2B_OverheadAmber_1,V2B_OverheadAmber_1,LIGHT,True,False,False,False,"[""LIGHTS_AND_REFLECTION_HELPERS""]",V2B_OverheadAmber_1_Data.001,1,0,0,[],
Wheel.001,Wheel,MESH,True,False,False,False,"[""IMPORTED_CAR_OR_GENERIC_ASSET_PARTS""]",Mesh.025,1,3143,3346,"[{""name"": ""Subdivision"", ""type"": ""SUBSURF"", ""show_viewport"": true, ""show_render"": true}, {""name"": ""Mirror"", ""type"": ""MIRROR"", ""show_viewport"": true, ""show_render"": true}]","{""min"": [-0.546466, 23.352634, 0.000859], ""max"": [0.546466, 23.738232, 0.386445], ""center"": [0.0, 23.545433, 0.193652], ""dimensions"": [1.092931, 0.385597, 0.385586]}"
